样本编号,年级,专业类别,月可支配生活费,半年短途出行次数,目的地类型,同行人,单次出行预算,预算占比最大项,提前规划时间,信息获取渠道,遇到的困扰(多选),最严重的困扰,是否用过行程规划工具,对工具不满意的地方,最希望的功能(多选),最愿意付费的功能,倾向的使用形式,偏好的内容风格,其他未满足需求,是否愿意参与访谈(留微信),答题时长(秒),提交时间
S001,大三,经管类,1000-1500元,1-2次,城市人文、周边乡村/古镇、主题乐园,朋友小团体(4人以上),200元以下,交通,提前1-2天,小红书、OTA平台(携程/马蜂窝),攻略质量参差不齐，广告多、没有现成行程模板、住宿选择困难、攻略信息太分散，多APP切换,没有现成行程模板,听说过但没用过,,按预算推荐目的地和行程、住宿区域推荐,都不愿意付费,微信小程序,真实接地气(学长学姐经验),行李寄存的点能不能标注出来,,266,2026-09-08 17:07:59
S002,大二,文史哲类,2501-3000元,3-4次,美食探店,独自一人,401-600元,交通,说走就走,微博,攻略质量参差不齐，广告多、交通接驳信息不清晰、缺少学生视角的预算参考,攻略质量参差不齐，广告多,完全没听说过,,当地美食红黑榜、按预算推荐目的地和行程,都不愿意付费,微信小程序,简洁高效(直接给结论),希望能和同校的人组队出行,,295,2026-09-01 12:52:02
S003,大四,理工类,1000元以下,7次及以上,网红打卡点、自然风景、美食探店,室友/同学(2-3人),601-800元,住宿,提前1-2天,朋友推荐,小众目的地信息太少、缺少学生视角的预算参考、没有现成行程模板,其他,经常使用,操作太复杂,按预算推荐目的地和行程,都不愿意付费,独立APP,简洁高效(直接给结论),当地菜市场能不能推荐，想吃地道的,,221,2026-09-01 19:46:07
S004,大三,文史哲类,1000-1500元,3-4次,自然风景,室友/同学(2-3人),200元以下,餐饮,提前3-7天,朋友推荐、大众点评、小红书,住宿选择困难、没有现成行程模板、攻略质量参差不齐，广告多、缺少学生视角的预算参考,攻略质量参差不齐，广告多,完全没听说过,,交通接驳指南、小众目的地种草,独家小众目的地攻略,微信小程序,专业严谨数据详实,景区学生票需要带什么证件能不能说明,,141,2026-09-10 10:05:46
S005,大三,经管类,2001-2500元,5-6次,美食探店,家人,201-400元,餐饮,提前3-7天,B站,小众目的地信息太少、缺少学生视角的预算参考、交通接驳信息不清晰,缺少学生视角的预算参考,完全没听说过,,按预算推荐目的地和行程、现成学生党行程模板、交通接驳指南,独家小众目的地攻略,微信小程序,图文精美,希望能和同校的人组队出行,愿意-wx_blskrt05,227,2026-09-08 12:50:30
S006,大四,经管类,1000-1500元,3-4次,自然风景、网红打卡点,独自一人,401-600元,餐饮,说走就走,抖音、微博、小红书,没有现成行程模板、攻略质量参差不齐，广告多,缺少学生视角的预算参考,完全没听说过,,小众目的地种草、行程共享与协同编辑,都不愿意付费,微信小程序,专业严谨数据详实,,,317,2026-09-04 11:26:31
S007,大三,旅游/酒店管理类,2501-3000元,3-4次,其他,室友/同学(2-3人),801-1000元,住宿,提前3-7天,其他、大众点评、OTA平台(携程/马蜂窝),攻略质量参差不齐，广告多、攻略信息太分散，多APP切换,交通接驳信息不清晰,经常使用,操作太复杂、不能按预算调整,按预算推荐目的地和行程、小众目的地种草、行程共享与协同编辑,无广告纯净体验,微信小程序,有趣好玩有梗,能不能有毕业旅行的专题,愿意-wx_6ivwpvs7,132,2026-09-06 12:16:25
S008,大一,艺术类,1501-2000元,7次及以上,城市人文,朋友小团体(4人以上),601-800元,交通,提前3-7天,小红书、知乎、B站,缺少学生视角的预算参考、攻略信息太分散，多APP切换、住宿选择困难,交通接驳信息不清晰,听说过但没用过,,当地美食红黑榜、交通接驳指南,都不愿意付费,微信小程序,有趣好玩有梗,行李寄存的点能不能标注出来,愿意-wx_dtjvzhwj,205,2026-09-05 22:03:05
S009,大三,教育类,1000元以下,1-2次,美食探店,室友/同学(2-3人),401-600元,餐饮,提前3-7天,小红书,没有现成行程模板、住宿选择困难,攻略质量参差不齐，广告多,偶尔使用,行程模板太少、推荐太商业化,实时避坑提醒、按预算推荐目的地和行程,独家小众目的地攻略,微信小程序,有趣好玩有梗,音乐节+旅行的组合攻略想要,,271,2026-09-03 12:55:10
S010,研二及以上,教育类,2501-3000元,1-2次,高校校园参观、周边乡村/古镇、自然风景,男/女朋友,801-1000元,交通,提前1-2天,小红书、B站、微博,攻略质量参差不齐，广告多、美食探店容易踩雷、缺少学生视角的预算参考,小众目的地信息太少,完全没听说过,,按预算推荐目的地和行程、现成学生党行程模板,都不愿意付费,都可以,真实接地气(学长学姐经验),拍照机位能不能标注出来,,295,2026-09-09 14:01:07
S011,研一,理工类,1501-2000元,7次及以上,城市人文,室友/同学(2-3人),601-800元,住宿,提前1-2周,小红书、B站,小众目的地信息太少、攻略信息太分散，多APP切换,美食探店容易踩雷,偶尔使用,推荐太商业化、不能协同编辑、操作太复杂,按预算推荐目的地和行程、当地美食红黑榜、现成学生党行程模板、行程共享与协同编辑,都不愿意付费,微信小程序,真实接地气(学长学姐经验),音乐节+旅行的组合攻略想要,,258,2026-09-05 17:08:12
S012,大二,旅游/酒店管理类,2001-2500元,7次及以上,美食探店、自然风景、网红打卡点,室友/同学(2-3人),401-600元,门票/体验项目,提前3-7天,抖音,没有现成行程模板、小众目的地信息太少、一人出行难拼车/找搭子,交通接驳信息不清晰,听说过但没用过,,小众目的地种草、当地美食红黑榜、出行搭子匹配,都不愿意付费,小红书/抖音账号+社群,真实接地气(学长学姐经验),,愿意-wx_b9w1q5uz,178,2026-09-08 15:15:09
S013,大三,经管类,2001-2500元,5-6次,周边乡村/古镇,室友/同学(2-3人),801-1000元,餐饮,提前3-7天,小红书、微博、抖音,交通接驳信息不清晰、一人出行难拼车/找搭子、美食探店容易踩雷,没有现成行程模板,听说过但没用过,,行程共享与协同编辑、交通接驳指南、实时避坑提醒、住宿区域推荐、小众目的地种草,AI高级行程定制,微信小程序,图文精美,希望能有夜生活安全的提示,,150,2026-09-08 10:45:18
S014,大二,理工类,2501-3000元,1-2次,城市人文,朋友小团体(4人以上),801-1000元,交通,提前3-7天,抖音、小红书、微博,美食探店容易踩雷、交通接驳信息不清晰、小众目的地信息太少、住宿选择困难,缺少学生视角的预算参考,经常使用,行程模板太少,交通接驳指南、住宿区域推荐、出行搭子匹配、实时避坑提醒、小众目的地种草,独家小众目的地攻略,独立APP,简洁高效(直接给结论),能不能有毕业旅行的专题,,295,2026-09-08 11:39:34
S015,大一,理工类,1501-2000元,0次,,,,,,,攻略信息太分散，多APP切换、没有现成行程模板、缺少学生视角的预算参考、攻略质量参差不齐，广告多,攻略质量参差不齐，广告多,完全没听说过,,现成学生党行程模板、实时避坑提醒、小众目的地种草、行程共享与协同编辑,都不愿意付费,微信小程序,专业严谨数据详实,希望能和同校的人组队出行,,279,2026-09-01 21:01:15
S016,大二,经管类,1000-1500元,1-2次,城市人文、高校校园参观、主题乐园,室友/同学(2-3人),201-400元,餐饮,提前2周以上,小红书、朋友推荐、知乎,没有现成行程模板、美食探店容易踩雷,没有现成行程模板,完全没听说过,,现成学生党行程模板、当地美食红黑榜、按预算推荐目的地和行程、交通接驳指南,独家小众目的地攻略,小红书/抖音账号+社群,有趣好玩有梗,一个人旅行的安全问题能不能有提示,,224,2026-09-01 14:34:27
S017,大三,经管类,2001-2500元,0次,,,,,,,住宿选择困难、攻略信息太分散，多APP切换、一人出行难拼车/找搭子、交通接驳信息不清晰,交通接驳信息不清晰,听说过但没用过,,当地美食红黑榜、实时避坑提醒、出行搭子匹配、小众目的地种草,都不愿意付费,独立APP,真实接地气(学长学姐经验),,,102,2026-09-05 16:15:48
S018,大三,艺术类,1501-2000元,0次,,,,,,,攻略质量参差不齐，广告多、住宿选择困难、缺少学生视角的预算参考,住宿选择困难,完全没听说过,,交通接驳指南、现成学生党行程模板,都不愿意付费,独立APP,真实接地气(学长学姐经验),,,205,2026-09-08 21:01:05
S019,大二,理工类,1000-1500元,3-4次,主题乐园,室友/同学(2-3人),401-600元,住宿,提前3-7天,抖音、小红书,缺少学生视角的预算参考、小众目的地信息太少、一人出行难拼车/找搭子,没有现成行程模板,偶尔使用,不能按预算调整、不能协同编辑、其他,旅行记账与AA分摊、出行搭子匹配、现成学生党行程模板,AI高级行程定制,小红书/抖音账号+社群,真实接地气(学长学姐经验),,,221,2026-09-05 20:08:40
S020,研一,文史哲类,2501-3000元,3-4次,主题乐园、自然风景,家人,401-600元,门票/体验项目,提前1-2天,抖音,没有现成行程模板、交通接驳信息不清晰,攻略信息太分散，多APP切换,完全没听说过,,按预算推荐目的地和行程、现成学生党行程模板、交通接驳指南、小众目的地种草,都不愿意付费,小红书/抖音账号+社群,图文精美,,,193,2026-09-05 22:37:27
S021,大二,艺术类,2001-2500元,5-6次,美食探店,室友/同学(2-3人),201-400元,交通,提前3-7天,小红书,交通接驳信息不清晰、没有现成行程模板、攻略信息太分散，多APP切换、攻略质量参差不齐，广告多,小众目的地信息太少,经常使用,推荐太商业化,小众目的地种草、交通接驳指南、当地美食红黑榜,都不愿意付费,网页版,真实接地气(学长学姐经验),青旅的真实评价太少了,,232,2026-09-10 13:28:07
S022,大三,理工类,1501-2000元,1-2次,主题乐园、城市人文,室友/同学(2-3人),401-600元,交通,说走就走,微博、大众点评、知乎,没有现成行程模板、小众目的地信息太少、攻略质量参差不齐，广告多,缺少学生视角的预算参考,偶尔使用,不能按预算调整、不能协同编辑、其他,现成学生党行程模板、当地美食红黑榜、行程共享与协同编辑,都不愿意付费,微信小程序,专业严谨数据详实,,,160,2026-09-05 14:07:49
S023,大二,文史哲类,3000元以上,5-6次,主题乐园、城市人文,朋友小团体(4人以上),601-800元,住宿,说走就走,大众点评、B站,美食探店容易踩雷、没有现成行程模板、攻略信息太分散，多APP切换、交通接驳信息不清晰、住宿选择困难,交通接驳信息不清晰,偶尔使用,不能按预算调整,现成学生党行程模板、行程共享与协同编辑,无广告纯净体验,都可以,图文精美,希望能看到实时的景区人流量,,263,2026-09-05 17:45:17
S024,大二,文史哲类,1501-2000元,3-4次,自然风景,家人,601-800元,门票/体验项目,提前1-2周,朋友推荐、微博,美食探店容易踩雷、没有现成行程模板、住宿选择困难、攻略质量参差不齐，广告多,攻略质量参差不齐，广告多,听说过但没用过,,行程共享与协同编辑、小众目的地种草、现成学生党行程模板、住宿区域推荐,都不愿意付费,都可以,有趣好玩有梗,,,139,2026-09-07 09:20:47
S025,大三,旅游/酒店管理类,1501-2000元,7次及以上,其他、主题乐园、城市人文,朋友小团体(4人以上),601-800元,门票/体验项目,提前1-2周,小红书、B站,小众目的地信息太少、缺少学生视角的预算参考,没有现成行程模板,经常使用,不能协同编辑、行程模板太少,当地美食红黑榜、行程共享与协同编辑、小众目的地种草,AI高级行程定制,小红书/抖音账号+社群,图文精美,,,140,2026-09-05 12:47:05
S026,大三,经管类,2001-2500元,5-6次,城市人文、自然风景,独自一人,401-600元,交通,提前1-2天,小红书、大众点评,攻略质量参差不齐，广告多、攻略信息太分散，多APP切换、美食探店容易踩雷,没有现成行程模板,偶尔使用,操作太复杂、不能按预算调整、行程模板太少,当地美食红黑榜、实时避坑提醒、小众目的地种草、现成学生党行程模板,都不愿意付费,微信小程序,专业严谨数据详实,景区学生票需要带什么证件能不能说明,,188,2026-09-05 16:54:19
S027,大二,理工类,1501-2000元,1-2次,自然风景、美食探店,独自一人,801-1000元,住宿,说走就走,朋友推荐、其他、B站,住宿选择困难、美食探店容易踩雷、小众目的地信息太少、攻略质量参差不齐，广告多,攻略质量参差不齐，广告多,偶尔使用,交通时间不准、不能协同编辑,当地美食红黑榜、实时避坑提醒,AI高级行程定制,微信小程序,简洁高效(直接给结论),高铁票抢票攻略也想要,愿意-wx_k0get8t6,292,2026-09-03 13:58:52
S028,研二及以上,其他,1000-1500元,5-6次,主题乐园,独自一人,401-600元,交通,提前1-2周,其他、知乎、朋友推荐,攻略信息太分散，多APP切换、缺少学生视角的预算参考、攻略质量参差不齐，广告多,缺少学生视角的预算参考,听说过但没用过,,交通接驳指南、出行搭子匹配、实时避坑提醒、按预算推荐目的地和行程,独家小众目的地攻略,微信小程序,有趣好玩有梗,希望能有旅行vlog的模板,,136,2026-09-02 19:52:29
S029,研一,理工类,1501-2000元,1-2次,自然风景,朋友小团体(4人以上),201-400元,门票/体验项目,提前1-2天,抖音、知乎,交通接驳信息不清晰、小众目的地信息太少、美食探店容易踩雷、住宿选择困难,没有现成行程模板,完全没听说过,,按预算推荐目的地和行程、小众目的地种草、实时避坑提醒,都不愿意付费,微信小程序,图文精美,小众景点的交通真的很头疼,愿意-wx_j883dhx8,92,2026-09-06 12:08:50
S030,大三,经管类,2001-2500元,1-2次,周边乡村/古镇,室友/同学(2-3人),801-1000元,门票/体验项目,提前3-7天,微博、小红书,没有现成行程模板、住宿选择困难、攻略信息太分散，多APP切换,住宿选择困难,偶尔使用,不能协同编辑、行程模板太少,按预算推荐目的地和行程、现成学生党行程模板、小众目的地种草,独家小众目的地攻略,微信小程序,简洁高效(直接给结论),希望能看到目的地的天气和穿搭建议,,107,2026-09-08 17:14:39
S031,大一,教育类,2501-3000元,3-4次,美食探店、城市人文,家人,1000元以上,住宿,说走就走,B站、小红书,攻略信息太分散，多APP切换、攻略质量参差不齐，广告多、交通接驳信息不清晰,没有现成行程模板,偶尔使用,不能按预算调整、交通时间不准,出行搭子匹配、按预算推荐目的地和行程,都不愿意付费,网页版,简洁高效(直接给结论),当地特色节日活动的信息想要,,307,2026-09-04 15:21:52
S032,大三,理工类,1000-1500元,3-4次,自然风景、高校校园参观、美食探店,朋友小团体(4人以上),200元以下,交通,提前3-7天,朋友推荐、大众点评,交通接驳信息不清晰、缺少学生视角的预算参考、美食探店容易踩雷,缺少学生视角的预算参考,完全没听说过,,旅行记账与AA分摊、交通接驳指南,AI高级行程定制,独立APP,真实接地气(学长学姐经验),,,107,2026-09-06 22:35:23
S033,大一,理工类,1000-1500元,3-4次,其他、周边乡村/古镇、美食探店,朋友小团体(4人以上),200元以下,购物/伴手礼,提前1-2周,小红书,美食探店容易踩雷、缺少学生视角的预算参考、攻略质量参差不齐，广告多,没有现成行程模板,经常使用,交通时间不准、操作太复杂、不能协同编辑,现成学生党行程模板、小众目的地种草、按预算推荐目的地和行程,AI高级行程定制,微信小程序,专业严谨数据详实,希望能有大学生优惠门票的汇总信息,,119,2026-09-03 21:39:03
S034,大三,理工类,2001-2500元,3-4次,自然风景、城市人文,朋友小团体(4人以上),401-600元,交通,提前3-7天,抖音、OTA平台(携程/马蜂窝)、小红书,一人出行难拼车/找搭子、攻略信息太分散，多APP切换、攻略质量参差不齐，广告多、小众目的地信息太少,交通接驳信息不清晰,偶尔使用,操作太复杂,按预算推荐目的地和行程、小众目的地种草、住宿区域推荐、交通接驳指南、行程共享与协同编辑,都不愿意付费,微信小程序,有趣好玩有梗,,,197,2026-09-02 22:20:36
S035,大二,理工类,2001-2500元,1-2次,城市人文、自然风景,男/女朋友,601-800元,门票/体验项目,提前2周以上,抖音,攻略质量参差不齐，广告多、交通接驳信息不清晰,缺少学生视角的预算参考,听说过但没用过,,住宿区域推荐、现成学生党行程模板、出行搭子匹配、按预算推荐目的地和行程,都不愿意付费,独立APP,真实接地气(学长学姐经验),小众景点的交通真的很头疼,,289,2026-09-03 12:06:09
S036,大二,经管类,1000-1500元,5-6次,城市人文,男/女朋友,201-400元,门票/体验项目,提前1-2周,OTA平台(携程/马蜂窝)、B站,住宿选择困难、交通接驳信息不清晰、攻略质量参差不齐，广告多、攻略信息太分散，多APP切换,缺少学生视角的预算参考,偶尔使用,不能按预算调整、行程模板太少,现成学生党行程模板、小众目的地种草,无广告纯净体验,网页版,真实接地气(学长学姐经验),希望能有大学生优惠门票的汇总信息,,209,2026-09-07 16:37:35
S037,研二及以上,医学类,1000元以下,7次及以上,美食探店、自然风景、主题乐园,室友/同学(2-3人),200元以下,交通,提前2周以上,其他、小红书,攻略信息太分散，多APP切换、小众目的地信息太少、其他,缺少学生视角的预算参考,听说过但没用过,,现成学生党行程模板、小众目的地种草,都不愿意付费,小红书/抖音账号+社群,图文精美,,,222,2026-09-07 13:16:46
S038,大四,其他,2001-2500元,1-2次,美食探店,室友/同学(2-3人),401-600元,购物/伴手礼,提前1-2周,小红书、OTA平台(携程/马蜂窝),缺少学生视角的预算参考,小众目的地信息太少,完全没听说过,,当地美食红黑榜、小众目的地种草,AI高级行程定制,微信小程序,真实接地气(学长学姐经验),当地特色节日活动的信息想要,,276,2026-09-08 12:14:08
S039,大一,理工类,2001-2500元,3-4次,网红打卡点、城市人文,室友/同学(2-3人),801-1000元,交通,提前1-2天,小红书,小众目的地信息太少、攻略信息太分散，多APP切换、缺少学生视角的预算参考,交通接驳信息不清晰,完全没听说过,,住宿区域推荐、出行搭子匹配、现成学生党行程模板,其他,小红书/抖音账号+社群,专业严谨数据详实,,,226,2026-09-08 16:49:18
S040,大四,文史哲类,1501-2000元,1-2次,周边乡村/古镇,室友/同学(2-3人),401-600元,餐饮,提前2周以上,知乎、OTA平台(携程/马蜂窝)、大众点评,攻略质量参差不齐，广告多、小众目的地信息太少,攻略质量参差不齐，广告多,完全没听说过,,行程共享与协同编辑、按预算推荐目的地和行程、实时避坑提醒,都不愿意付费,都可以,专业严谨数据详实,音乐节+旅行的组合攻略想要,愿意-wx_si9nb74x,282,2026-09-03 11:02:18
S041,研一,文史哲类,2501-3000元,5-6次,自然风景、城市人文,独自一人,401-600元,门票/体验项目,提前3-7天,大众点评、抖音、朋友推荐,攻略质量参差不齐，广告多、攻略信息太分散，多APP切换、缺少学生视角的预算参考,小众目的地信息太少,偶尔使用,推荐太商业化,交通接驳指南、按预算推荐目的地和行程、现成学生党行程模板,AI高级行程定制,小红书/抖音账号+社群,真实接地气(学长学姐经验),音乐节+旅行的组合攻略想要,,251,2026-09-02 17:23:04
S042,研二及以上,文史哲类,2001-2500元,3-4次,自然风景,朋友小团体(4人以上),601-800元,购物/伴手礼,提前1-2天,抖音,缺少学生视角的预算参考、小众目的地信息太少,没有现成行程模板,完全没听说过,,按预算推荐目的地和行程、小众目的地种草、现成学生党行程模板、当地美食红黑榜,都不愿意付费,小红书/抖音账号+社群,专业严谨数据详实,,,287,2026-09-03 10:45:49
S043,研二及以上,经管类,1000-1500元,5-6次,自然风景,室友/同学(2-3人),201-400元,门票/体验项目,提前3-7天,朋友推荐,缺少学生视角的预算参考、住宿选择困难、攻略信息太分散，多APP切换,没有现成行程模板,偶尔使用,不能按预算调整、行程模板太少,实时避坑提醒、现成学生党行程模板、旅行记账与AA分摊、小众目的地种草,都不愿意付费,独立APP,有趣好玩有梗,,愿意-wx_v3tlcxlv,189,2026-09-03 20:28:22
S044,大三,医学类,2501-3000元,3-4次,自然风景、其他,家人,201-400元,餐饮,提前1-2天,OTA平台(携程/马蜂窝)、知乎、小红书,攻略信息太分散，多APP切换、小众目的地信息太少、缺少学生视角的预算参考,没有现成行程模板,听说过但没用过,,实时避坑提醒、小众目的地种草、住宿区域推荐、交通接驳指南,AI高级行程定制,小红书/抖音账号+社群,真实接地气(学长学姐经验),一个人旅行的安全问题能不能有提示,愿意-wx_gs6e1zhw,257,2026-09-08 12:07:08
S045,大四,文史哲类,2501-3000元,3-4次,周边乡村/古镇,家人,1000元以上,餐饮,提前1-2周,大众点评、B站、微博,小众目的地信息太少、没有现成行程模板、攻略信息太分散，多APP切换,攻略质量参差不齐，广告多,偶尔使用,操作太复杂、不能按预算调整,小众目的地种草、旅行记账与AA分摊、按预算推荐目的地和行程、实时避坑提醒,无广告纯净体验,微信小程序,图文精美,,,276,2026-09-07 22:36:04
S046,大一,理工类,1000元以下,3-4次,自然风景、网红打卡点、周边乡村/古镇,朋友小团体(4人以上),201-400元,购物/伴手礼,提前3-7天,微博,缺少学生视角的预算参考、攻略质量参差不齐，广告多、美食探店容易踩雷,攻略质量参差不齐，广告多,完全没听说过,,行程共享与协同编辑、现成学生党行程模板、交通接驳指南,独家小众目的地攻略,微信小程序,简洁高效(直接给结论),拍照机位能不能标注出来,,231,2026-09-10 11:10:42
S047,大三,旅游/酒店管理类,1501-2000元,7次及以上,网红打卡点,独自一人,200元以下,餐饮,提前3-7天,小红书、大众点评,没有现成行程模板、交通接驳信息不清晰,攻略质量参差不齐，广告多,完全没听说过,,现成学生党行程模板、出行搭子匹配、小众目的地种草、当地美食红黑榜,独家小众目的地攻略,微信小程序,简洁高效(直接给结论),,,160,2026-09-06 20:55:22
S048,研二及以上,经管类,1501-2000元,3-4次,城市人文,室友/同学(2-3人),201-400元,交通,提前2周以上,抖音、知乎、B站,美食探店容易踩雷、小众目的地信息太少、攻略质量参差不齐，广告多、攻略信息太分散，多APP切换,其他,听说过但没用过,,交通接驳指南、按预算推荐目的地和行程、小众目的地种草,独家小众目的地攻略,独立APP,真实接地气(学长学姐经验),,,305,2026-09-08 13:34:00
S049,大四,文史哲类,2501-3000元,5-6次,自然风景,朋友小团体(4人以上),401-600元,餐饮,说走就走,抖音、大众点评、微博,攻略信息太分散，多APP切换,缺少学生视角的预算参考,完全没听说过,,住宿区域推荐、现成学生党行程模板、交通接驳指南,无广告纯净体验,微信小程序,真实接地气(学长学姐经验),,,118,2026-09-10 17:08:20
S050,研一,理工类,1501-2000元,3-4次,美食探店、主题乐园,朋友小团体(4人以上),401-600元,餐饮,提前3-7天,抖音,一人出行难拼车/找搭子、交通接驳信息不清晰,小众目的地信息太少,完全没听说过,,交通接驳指南、现成学生党行程模板,都不愿意付费,都可以,简洁高效(直接给结论),希望能和同校的人组队出行,,229,2026-09-08 11:33:40
S051,大四,教育类,1501-2000元,5-6次,城市人文,家人,201-400元,交通,提前3-7天,抖音,缺少学生视角的预算参考、小众目的地信息太少、美食探店容易踩雷,住宿选择困难,听说过但没用过,,住宿区域推荐、交通接驳指南,都不愿意付费,都可以,简洁高效(直接给结论),,,124,2026-09-08 17:21:34
S052,大二,教育类,2001-2500元,3-4次,自然风景、主题乐园、高校校园参观,室友/同学(2-3人),401-600元,购物/伴手礼,提前2周以上,OTA平台(携程/马蜂窝),缺少学生视角的预算参考、美食探店容易踩雷、住宿选择困难、攻略质量参差不齐，广告多,攻略信息太分散，多APP切换,听说过但没用过,,实时避坑提醒、小众目的地种草、现成学生党行程模板、出行搭子匹配、按预算推荐目的地和行程,无广告纯净体验,都可以,真实接地气(学长学姐经验),希望能有省钱技巧的汇总,,271,2026-09-08 12:12:52
S053,大三,旅游/酒店管理类,2001-2500元,1-2次,周边乡村/古镇、自然风景、城市人文,家人,401-600元,交通,说走就走,OTA平台(携程/马蜂窝)、小红书,攻略信息太分散，多APP切换、没有现成行程模板、美食探店容易踩雷,缺少学生视角的预算参考,完全没听说过,,小众目的地种草、现成学生党行程模板、旅行记账与AA分摊、当地美食红黑榜,都不愿意付费,微信小程序,简洁高效(直接给结论),,,124,2026-09-07 22:11:59
S054,研一,其他,1501-2000元,3-4次,高校校园参观、网红打卡点,独自一人,601-800元,交通,提前2周以上,抖音、OTA平台(携程/马蜂窝),美食探店容易踩雷、攻略信息太分散，多APP切换、没有现成行程模板、攻略质量参差不齐，广告多、住宿选择困难,攻略质量参差不齐，广告多,完全没听说过,,住宿区域推荐、按预算推荐目的地和行程、现成学生党行程模板,都不愿意付费,微信小程序,简洁高效(直接给结论),能不能有毕业旅行的专题,,211,2026-09-06 10:25:42
S055,大一,其他,1501-2000元,7次及以上,自然风景,室友/同学(2-3人),801-1000元,购物/伴手礼,提前1-2天,大众点评、小红书、抖音,攻略信息太分散，多APP切换、缺少学生视角的预算参考,缺少学生视角的预算参考,偶尔使用,不能协同编辑、交通时间不准,小众目的地种草、现成学生党行程模板、旅行记账与AA分摊,都不愿意付费,都可以,简洁高效(直接给结论),,,285,2026-09-04 21:15:43
S056,大四,旅游/酒店管理类,1000-1500元,3-4次,自然风景、网红打卡点、城市人文,男/女朋友,601-800元,交通,提前3-7天,抖音,攻略信息太分散，多APP切换、攻略质量参差不齐，广告多、没有现成行程模板,小众目的地信息太少,听说过但没用过,,小众目的地种草、按预算推荐目的地和行程、出行搭子匹配、当地美食红黑榜,都不愿意付费,网页版,图文精美,,愿意-wx_mc97c7bo,276,2026-09-03 21:41:46
S057,大三,文史哲类,3000元以上,3-4次,自然风景、美食探店,男/女朋友,601-800元,餐饮,提前1-2天,其他,没有现成行程模板、小众目的地信息太少、攻略质量参差不齐，广告多、攻略信息太分散，多APP切换,攻略质量参差不齐，广告多,听说过但没用过,,交通接驳指南、出行搭子匹配、现成学生党行程模板,都不愿意付费,小红书/抖音账号+社群,真实接地气(学长学姐经验),音乐节+旅行的组合攻略想要,,319,2026-09-01 12:13:04
S058,大一,经管类,1501-2000元,3-4次,城市人文,独自一人,401-600元,住宿,提前1-2周,小红书,攻略质量参差不齐，广告多、美食探店容易踩雷、没有现成行程模板,交通接驳信息不清晰,完全没听说过,,现成学生党行程模板、按预算推荐目的地和行程、当地美食红黑榜,独家小众目的地攻略,微信小程序,真实接地气(学长学姐经验),能不能有旅行照片的模板推荐,,189,2026-09-09 16:03:22
S059,研二及以上,医学类,2001-2500元,1-2次,自然风景,室友/同学(2-3人),601-800元,交通,提前1-2天,小红书、抖音,一人出行难拼车/找搭子、没有现成行程模板、攻略信息太分散，多APP切换、攻略质量参差不齐，广告多,没有现成行程模板,完全没听说过,,按预算推荐目的地和行程、住宿区域推荐、现成学生党行程模板,都不愿意付费,小红书/抖音账号+社群,有趣好玩有梗,,,230,2026-09-09 12:30:13
S060,研一,理工类,3000元以上,0次,,,,,,,一人出行难拼车/找搭子、攻略信息太分散，多APP切换、其他,缺少学生视角的预算参考,听说过但没用过,,小众目的地种草、现成学生党行程模板,独家小众目的地攻略,独立APP,图文精美,景区学生票需要带什么证件能不能说明,,211,2026-09-08 16:06:51
S061,研二及以上,文史哲类,2501-3000元,7次及以上,自然风景、城市人文,男/女朋友,801-1000元,交通,提前3-7天,大众点评、抖音、小红书,攻略质量参差不齐，广告多、没有现成行程模板,美食探店容易踩雷,偶尔使用,其他、交通时间不准,小众目的地种草、住宿区域推荐、按预算推荐目的地和行程、交通接驳指南,独家小众目的地攻略,都可以,专业严谨数据详实,,,294,2026-09-02 22:42:03
S062,大四,理工类,2501-3000元,1-2次,城市人文、主题乐园,独自一人,801-1000元,购物/伴手礼,提前2周以上,抖音、小红书、大众点评,攻略信息太分散，多APP切换、小众目的地信息太少,没有现成行程模板,偶尔使用,不能协同编辑、交通时间不准,按预算推荐目的地和行程,独家小众目的地攻略,独立APP,有趣好玩有梗,希望有雨天备选方案,,100,2026-09-06 15:29:36
S063,大二,医学类,1000-1500元,5-6次,美食探店,男/女朋友,401-600元,交通,提前1-2天,抖音、OTA平台(携程/马蜂窝),没有现成行程模板、缺少学生视角的预算参考,交通接驳信息不清晰,偶尔使用,推荐太商业化,现成学生党行程模板、实时避坑提醒,都不愿意付费,独立APP,真实接地气(学长学姐经验),,,151,2026-09-09 18:42:02
S064,大一,旅游/酒店管理类,1000元以下,3-4次,周边乡村/古镇,朋友小团体(4人以上),201-400元,交通,提前1-2天,大众点评,交通接驳信息不清晰、没有现成行程模板、缺少学生视角的预算参考、小众目的地信息太少,没有现成行程模板,经常使用,其他、操作太复杂、不能按预算调整,现成学生党行程模板、住宿区域推荐,其他,微信小程序,图文精美,,,280,2026-09-08 16:14:22
S065,大三,理工类,1000-1500元,3-4次,城市人文、美食探店,男/女朋友,401-600元,交通,提前1-2天,朋友推荐、小红书、抖音,攻略信息太分散，多APP切换、缺少学生视角的预算参考,攻略质量参差不齐，广告多,偶尔使用,不能按预算调整,按预算推荐目的地和行程、交通接驳指南、住宿区域推荐,都不愿意付费,微信小程序,简洁高效(直接给结论),希望能有大学生优惠门票的汇总信息,,223,2026-09-04 18:33:10
S066,大三,经管类,1000-1500元,1-2次,城市人文,室友/同学(2-3人),201-400元,住宿,说走就走,知乎、朋友推荐,没有现成行程模板、攻略质量参差不齐，广告多、攻略信息太分散，多APP切换、缺少学生视角的预算参考、一人出行难拼车/找搭子,缺少学生视角的预算参考,听说过但没用过,,小众目的地种草、出行搭子匹配、当地美食红黑榜,都不愿意付费,微信小程序,简洁高效(直接给结论),,,125,2026-09-07 14:18:47
S067,大三,文史哲类,1501-2000元,1-2次,自然风景、周边乡村/古镇,室友/同学(2-3人),1000元以上,交通,提前2周以上,OTA平台(携程/马蜂窝),一人出行难拼车/找搭子、没有现成行程模板,交通接驳信息不清晰,听说过但没用过,,行程共享与协同编辑、按预算推荐目的地和行程、出行搭子匹配,都不愿意付费,微信小程序,真实接地气(学长学姐经验),行李寄存的点能不能标注出来,,263,2026-09-07 21:24:04
S068,大三,艺术类,1501-2000元,3-4次,自然风景、城市人文、高校校园参观,男/女朋友,801-1000元,餐饮,提前2周以上,朋友推荐,攻略信息太分散，多APP切换、交通接驳信息不清晰、没有现成行程模板,没有现成行程模板,完全没听说过,,旅行记账与AA分摊、小众目的地种草、按预算推荐目的地和行程、现成学生党行程模板,都不愿意付费,独立APP,简洁高效(直接给结论),希望能和同校的人组队出行,,180,2026-09-08 21:43:37
S069,大三,经管类,3000元以上,3-4次,自然风景、高校校园参观,室友/同学(2-3人),1000元以上,交通,提前1-2天,朋友推荐、大众点评,没有现成行程模板、小众目的地信息太少、缺少学生视角的预算参考,攻略质量参差不齐，广告多,完全没听说过,,按预算推荐目的地和行程、现成学生党行程模板,无广告纯净体验,网页版,专业严谨数据详实,,,221,2026-09-03 14:35:27
S070,研二及以上,理工类,1501-2000元,1-2次,美食探店、自然风景、周边乡村/古镇,男/女朋友,401-600元,住宿,说走就走,小红书,没有现成行程模板、住宿选择困难,没有现成行程模板,听说过但没用过,,小众目的地种草、现成学生党行程模板、行程共享与协同编辑,都不愿意付费,小红书/抖音账号+社群,简洁高效(直接给结论),能不能有毕业旅行的专题,,169,2026-09-06 22:29:39
S071,大一,医学类,2501-3000元,7次及以上,城市人文,室友/同学(2-3人),401-600元,餐饮,提前3-7天,大众点评,攻略质量参差不齐，广告多、交通接驳信息不清晰、其他,没有现成行程模板,偶尔使用,操作太复杂,当地美食红黑榜、行程共享与协同编辑、实时避坑提醒、小众目的地种草、现成学生党行程模板,AI高级行程定制,独立APP,图文精美,音乐节+旅行的组合攻略想要,,186,2026-09-08 16:10:05
S072,大三,教育类,1000-1500元,0次,,,,,,,没有现成行程模板、攻略质量参差不齐，广告多,交通接驳信息不清晰,完全没听说过,,交通接驳指南、现成学生党行程模板,都不愿意付费,都可以,简洁高效(直接给结论),,,192,2026-09-09 12:27:06
S073,大四,艺术类,1000-1500元,5-6次,自然风景,室友/同学(2-3人),601-800元,住宿,提前2周以上,小红书,住宿选择困难、交通接驳信息不清晰、缺少学生视角的预算参考,交通接驳信息不清晰,听说过但没用过,,交通接驳指南、小众目的地种草,都不愿意付费,微信小程序,专业严谨数据详实,,,148,2026-09-09 19:52:06
S074,大一,教育类,1501-2000元,1-2次,网红打卡点、城市人文,男/女朋友,401-600元,餐饮,提前1-2周,抖音、小红书、OTA平台(携程/马蜂窝),缺少学生视角的预算参考、攻略信息太分散，多APP切换、住宿选择困难、小众目的地信息太少,交通接驳信息不清晰,完全没听说过,,小众目的地种草、交通接驳指南、行程共享与协同编辑,都不愿意付费,微信小程序,专业严谨数据详实,小众景点的交通真的很头疼,,283,2026-09-09 15:13:27
S075,大四,文史哲类,1501-2000元,1-2次,美食探店、主题乐园,室友/同学(2-3人),601-800元,交通,提前1-2天,小红书、B站,没有现成行程模板、攻略信息太分散，多APP切换、一人出行难拼车/找搭子,攻略质量参差不齐，广告多,完全没听说过,,实时避坑提醒、现成学生党行程模板,都不愿意付费,微信小程序,简洁高效(直接给结论),希望能有大学生优惠门票的汇总信息,,311,2026-09-03 09:25:40
S076,大二,医学类,1000-1500元,3-4次,城市人文,朋友小团体(4人以上),401-600元,住宿,说走就走,朋友推荐、其他,交通接驳信息不清晰、没有现成行程模板、攻略质量参差不齐，广告多、攻略信息太分散，多APP切换、住宿选择困难,攻略信息太分散，多APP切换,听说过但没用过,,按预算推荐目的地和行程、住宿区域推荐,其他,微信小程序,简洁高效(直接给结论),,,122,2026-09-08 14:46:13
S077,大三,经管类,1501-2000元,3-4次,城市人文,室友/同学(2-3人),801-1000元,餐饮,提前1-2天,抖音、小红书,交通接驳信息不清晰、攻略质量参差不齐，广告多、小众目的地信息太少,攻略质量参差不齐，广告多,完全没听说过,,行程共享与协同编辑、当地美食红黑榜,AI高级行程定制,独立APP,简洁高效(直接给结论),能不能有毕业旅行的专题,,93,2026-09-04 16:24:07
S078,大二,艺术类,1000元以下,5-6次,其他,家人,200元以下,门票/体验项目,提前3-7天,大众点评、小红书,一人出行难拼车/找搭子、小众目的地信息太少、攻略信息太分散，多APP切换、攻略质量参差不齐，广告多,攻略信息太分散，多APP切换,经常使用,不能按预算调整、交通时间不准,小众目的地种草、现成学生党行程模板、当地美食红黑榜、交通接驳指南、按预算推荐目的地和行程,无广告纯净体验,微信小程序,专业严谨数据详实,希望能看到实时的景区人流量,,180,2026-09-10 19:48:53
S079,大三,艺术类,1501-2000元,3-4次,城市人文,独自一人,401-600元,住宿,提前3-7天,OTA平台(携程/马蜂窝),攻略信息太分散，多APP切换、小众目的地信息太少,攻略信息太分散，多APP切换,完全没听说过,,按预算推荐目的地和行程、出行搭子匹配、现成学生党行程模板,都不愿意付费,小红书/抖音账号+社群,真实接地气(学长学姐经验),,,96,2026-09-05 20:36:40
S080,大一,文史哲类,1501-2000元,3-4次,城市人文、周边乡村/古镇,男/女朋友,601-800元,交通,提前1-2周,小红书,攻略质量参差不齐，广告多、没有现成行程模板,缺少学生视角的预算参考,偶尔使用,不能按预算调整,现成学生党行程模板、实时避坑提醒、行程共享与协同编辑,都不愿意付费,微信小程序,图文精美,,,285,2026-09-09 09:25:04
S081,研一,旅游/酒店管理类,2001-2500元,3-4次,美食探店,独自一人,401-600元,餐饮,提前3-7天,小红书、抖音、其他,小众目的地信息太少、没有现成行程模板、住宿选择困难,攻略信息太分散，多APP切换,完全没听说过,,现成学生党行程模板、小众目的地种草,都不愿意付费,网页版,专业严谨数据详实,,,176,2026-09-05 10:13:33
S082,研二及以上,理工类,3000元以上,7次及以上,美食探店,独自一人,1000元以上,门票/体验项目,提前3-7天,B站、抖音、朋友推荐,没有现成行程模板、交通接驳信息不清晰,缺少学生视角的预算参考,偶尔使用,不能按预算调整,现成学生党行程模板,都不愿意付费,小红书/抖音账号+社群,图文精美,希望能有旅行vlog的模板,,139,2026-09-02 12:08:49
S083,大四,经管类,1000-1500元,3-4次,自然风景、主题乐园,家人,201-400元,交通,提前1-2天,小红书,住宿选择困难、交通接驳信息不清晰、攻略信息太分散，多APP切换,缺少学生视角的预算参考,偶尔使用,其他,小众目的地种草、当地美食红黑榜、现成学生党行程模板、其他、按预算推荐目的地和行程,都不愿意付费,独立APP,图文精美,,愿意-wx_d2ec2iho,255,2026-09-02 18:37:16
S084,研一,经管类,3000元以上,1-2次,自然风景、城市人文、网红打卡点,男/女朋友,601-800元,交通,提前3-7天,B站,住宿选择困难、缺少学生视角的预算参考、攻略信息太分散，多APP切换、交通接驳信息不清晰、攻略质量参差不齐，广告多,攻略质量参差不齐，广告多,偶尔使用,不能按预算调整、操作太复杂,当地美食红黑榜、交通接驳指南、实时避坑提醒,AI高级行程定制,微信小程序,简洁高效(直接给结论),音乐节+旅行的组合攻略想要,,306,2026-09-09 12:40:51
S085,大三,经管类,1501-2000元,3-4次,主题乐园,家人,601-800元,住宿,提前1-2天,大众点评、小红书,攻略信息太分散，多APP切换、其他、没有现成行程模板、小众目的地信息太少,其他,完全没听说过,,现成学生党行程模板,都不愿意付费,小红书/抖音账号+社群,图文精美,希望能和同校的人组队出行,,284,2026-09-07 14:59:53
S086,研二及以上,经管类,1000-1500元,1-2次,美食探店、网红打卡点、城市人文,男/女朋友,801-1000元,餐饮,提前3-7天,微博,没有现成行程模板、攻略质量参差不齐，广告多、攻略信息太分散，多APP切换、交通接驳信息不清晰,攻略信息太分散，多APP切换,听说过但没用过,,实时避坑提醒、按预算推荐目的地和行程、当地美食红黑榜,都不愿意付费,网页版,真实接地气(学长学姐经验),,愿意-wx_zfdsnczx,230,2026-09-02 14:19:20
S087,大一,经管类,3000元以上,5-6次,美食探店、城市人文,家人,801-1000元,购物/伴手礼,提前1-2周,OTA平台(携程/马蜂窝),缺少学生视角的预算参考、小众目的地信息太少、攻略质量参差不齐，广告多,攻略信息太分散，多APP切换,经常使用,推荐太商业化、行程模板太少、其他,现成学生党行程模板,都不愿意付费,小红书/抖音账号+社群,图文精美,周末短途游的推荐能不能更精准一些,,116,2026-09-06 20:04:15
S088,大二,理工类,2001-2500元,7次及以上,美食探店、周边乡村/古镇、自然风景,独自一人,401-600元,餐饮,提前1-2天,朋友推荐,缺少学生视角的预算参考、小众目的地信息太少,美食探店容易踩雷,完全没听说过,,实时避坑提醒、小众目的地种草、行程共享与协同编辑、出行搭子匹配,都不愿意付费,小红书/抖音账号+社群,真实接地气(学长学姐经验),希望能有省钱技巧的汇总,愿意-wx_4kl8cgn0,220,2026-09-02 14:38:39
S089,研一,医学类,1501-2000元,3-4次,网红打卡点、城市人文,室友/同学(2-3人),201-400元,餐饮,提前1-2周,大众点评、OTA平台(携程/马蜂窝)、抖音,攻略信息太分散，多APP切换、没有现成行程模板,小众目的地信息太少,偶尔使用,操作太复杂,现成学生党行程模板、按预算推荐目的地和行程,都不愿意付费,微信小程序,简洁高效(直接给结论),希望能有夜生活安全的提示,,147,2026-09-02 19:34:24
S090,大二,旅游/酒店管理类,1501-2000元,3-4次,主题乐园、自然风景,男/女朋友,601-800元,交通,提前3-7天,小红书,住宿选择困难、缺少学生视角的预算参考、小众目的地信息太少、攻略质量参差不齐，广告多,攻略信息太分散，多APP切换,听说过但没用过,,旅行记账与AA分摊、当地美食红黑榜、实时避坑提醒、交通接驳指南、现成学生党行程模板,AI高级行程定制,微信小程序,有趣好玩有梗,,,310,2026-09-09 21:36:43
S091,研二及以上,经管类,3000元以上,3-4次,其他,男/女朋友,401-600元,住宿,提前2周以上,小红书、微博,住宿选择困难、攻略质量参差不齐，广告多、美食探店容易踩雷,美食探店容易踩雷,经常使用,不能按预算调整,交通接驳指南、实时避坑提醒、按预算推荐目的地和行程、当地美食红黑榜,都不愿意付费,小红书/抖音账号+社群,真实接地气(学长学姐经验),希望能看到实时的景区人流量,愿意-wx_v177udkt,168,2026-09-07 13:24:41
S092,大三,艺术类,1000元以下,1-2次,美食探店,男/女朋友,201-400元,住宿,提前1-2周,小红书、朋友推荐、B站,攻略信息太分散，多APP切换、住宿选择困难、缺少学生视角的预算参考,缺少学生视角的预算参考,完全没听说过,,旅行记账与AA分摊、按预算推荐目的地和行程,AI高级行程定制,小红书/抖音账号+社群,图文精美,希望能有旅行vlog的模板,,186,2026-09-10 19:05:12
S093,大三,旅游/酒店管理类,1501-2000元,5-6次,网红打卡点、美食探店,室友/同学(2-3人),401-600元,住宿,提前1-2天,B站、小红书,住宿选择困难、攻略质量参差不齐，广告多、没有现成行程模板,美食探店容易踩雷,听说过但没用过,,小众目的地种草、实时避坑提醒,都不愿意付费,微信小程序,简洁高效(直接给结论),希望能有省钱技巧的汇总,,302,2026-09-08 18:35:22
S094,大二,旅游/酒店管理类,1000-1500元,7次及以上,自然风景,室友/同学(2-3人),201-400元,餐饮,提前2周以上,OTA平台(携程/马蜂窝),缺少学生视角的预算参考、攻略信息太分散，多APP切换,交通接驳信息不清晰,听说过但没用过,,小众目的地种草、按预算推荐目的地和行程,独家小众目的地攻略,网页版,真实接地气(学长学姐经验),景区学生票需要带什么证件能不能说明,,261,2026-09-05 15:57:24
S095,大四,文史哲类,1000-1500元,1-2次,网红打卡点、自然风景、城市人文,朋友小团体(4人以上),401-600元,门票/体验项目,提前3-7天,大众点评、抖音、OTA平台(携程/马蜂窝),攻略信息太分散，多APP切换、一人出行难拼车/找搭子、交通接驳信息不清晰、住宿选择困难、攻略质量参差不齐，广告多,交通接驳信息不清晰,完全没听说过,,按预算推荐目的地和行程、小众目的地种草、现成学生党行程模板,都不愿意付费,网页版,简洁高效(直接给结论),希望能有旅行vlog的模板,,264,2026-09-01 19:31:18
S096,大二,理工类,1501-2000元,0次,,,,,,,缺少学生视角的预算参考、小众目的地信息太少、交通接驳信息不清晰,没有现成行程模板,完全没听说过,,交通接驳指南、行程共享与协同编辑、实时避坑提醒,独家小众目的地攻略,微信小程序,真实接地气(学长学姐经验),行李寄存的点能不能标注出来,,223,2026-09-03 19:57:21
S097,大三,理工类,1000-1500元,5-6次,周边乡村/古镇、自然风景,室友/同学(2-3人),201-400元,门票/体验项目,提前3-7天,大众点评、知乎、小红书,没有现成行程模板、美食探店容易踩雷、缺少学生视角的预算参考,缺少学生视角的预算参考,经常使用,操作太复杂,现成学生党行程模板、旅行记账与AA分摊、实时避坑提醒,其他,微信小程序,有趣好玩有梗,能不能有旅行照片的模板推荐,,204,2026-09-06 19:11:20
S098,大三,经管类,1000-1500元,5-6次,美食探店,室友/同学(2-3人),401-600元,门票/体验项目,提前1-2天,OTA平台(携程/马蜂窝)、抖音,缺少学生视角的预算参考、攻略信息太分散，多APP切换、攻略质量参差不齐，广告多,缺少学生视角的预算参考,听说过但没用过,,按预算推荐目的地和行程、住宿区域推荐,独家小众目的地攻略,网页版,真实接地气(学长学姐经验),周末短途游的推荐能不能更精准一些,,230,2026-09-05 11:04:52
S099,大一,旅游/酒店管理类,1501-2000元,5-6次,自然风景、网红打卡点、其他,室友/同学(2-3人),1000元以上,住宿,提前1-2天,小红书,攻略质量参差不齐，广告多、攻略信息太分散，多APP切换、没有现成行程模板,攻略信息太分散，多APP切换,听说过但没用过,,小众目的地种草、当地美食红黑榜,都不愿意付费,小红书/抖音账号+社群,简洁高效(直接给结论),,,247,2026-09-01 09:44:07
S100,大二,理工类,1501-2000元,3-4次,城市人文,朋友小团体(4人以上),200元以下,住宿,说走就走,小红书、大众点评,没有现成行程模板、交通接驳信息不清晰,攻略质量参差不齐，广告多,完全没听说过,,现成学生党行程模板、交通接驳指南,都不愿意付费,微信小程序,真实接地气(学长学姐经验),希望能有夜生活安全的提示,,256,2026-09-08 14:15:00
S101,大一,经管类,1000-1500元,3-4次,城市人文,朋友小团体(4人以上),401-600元,交通,提前1-2天,抖音,攻略质量参差不齐，广告多、攻略信息太分散，多APP切换、住宿选择困难、美食探店容易踩雷,小众目的地信息太少,听说过但没用过,,小众目的地种草、按预算推荐目的地和行程、行程共享与协同编辑、实时避坑提醒,无广告纯净体验,微信小程序,图文精美,,,192,2026-09-10 13:56:46
S102,大一,教育类,1000-1500元,3-4次,自然风景,男/女朋友,401-600元,餐饮,提前1-2周,小红书,一人出行难拼车/找搭子、住宿选择困难,攻略信息太分散，多APP切换,完全没听说过,,出行搭子匹配、当地美食红黑榜、按预算推荐目的地和行程、现成学生党行程模板,无广告纯净体验,小红书/抖音账号+社群,有趣好玩有梗,高铁票抢票攻略也想要,,204,2026-09-02 15:28:02
S103,大一,艺术类,1000元以下,5-6次,周边乡村/古镇、美食探店、主题乐园,家人,401-600元,住宿,提前3-7天,大众点评、抖音、朋友推荐,缺少学生视角的预算参考、交通接驳信息不清晰、住宿选择困难、没有现成行程模板,一人出行难拼车/找搭子,经常使用,推荐太商业化、不能按预算调整,行程共享与协同编辑、按预算推荐目的地和行程、小众目的地种草、现成学生党行程模板、旅行记账与AA分摊,无广告纯净体验,微信小程序,图文精美,能不能有毕业旅行的专题,,100,2026-09-08 16:51:36
S104,大三,旅游/酒店管理类,1501-2000元,1-2次,周边乡村/古镇、城市人文,室友/同学(2-3人),200元以下,餐饮,提前1-2周,知乎、OTA平台(携程/马蜂窝)、B站,交通接驳信息不清晰、没有现成行程模板、缺少学生视角的预算参考,小众目的地信息太少,完全没听说过,,小众目的地种草、住宿区域推荐、交通接驳指南、当地美食红黑榜,都不愿意付费,微信小程序,图文精美,,,292,2026-09-05 17:33:23
S105,大三,经管类,1000-1500元,1-2次,周边乡村/古镇、自然风景,室友/同学(2-3人),200元以下,门票/体验项目,提前1-2天,OTA平台(携程/马蜂窝),小众目的地信息太少、攻略信息太分散，多APP切换,没有现成行程模板,听说过但没用过,,住宿区域推荐、小众目的地种草,都不愿意付费,都可以,真实接地气(学长学姐经验),希望能有夜生活安全的提示,愿意-wx_0tpv726y,124,2026-09-03 10:24:42
S106,大三,旅游/酒店管理类,1501-2000元,3-4次,网红打卡点、周边乡村/古镇、自然风景,家人,1000元以上,住宿,提前1-2天,大众点评、B站,住宿选择困难、没有现成行程模板、缺少学生视角的预算参考、小众目的地信息太少,没有现成行程模板,偶尔使用,交通时间不准,当地美食红黑榜、实时避坑提醒、按预算推荐目的地和行程,其他,微信小程序,简洁高效(直接给结论),希望能有旅行vlog的模板,,274,2026-09-06 17:30:37
S107,大三,艺术类,1501-2000元,5-6次,自然风景、网红打卡点、周边乡村/古镇,朋友小团体(4人以上),200元以下,交通,提前3-7天,小红书,一人出行难拼车/找搭子、交通接驳信息不清晰、攻略信息太分散，多APP切换,攻略信息太分散，多APP切换,听说过但没用过,,住宿区域推荐、按预算推荐目的地和行程、出行搭子匹配,独家小众目的地攻略,网页版,图文精美,希望能和同校的人组队出行,,223,2026-09-07 12:32:50
S108,大四,医学类,2001-2500元,1-2次,自然风景、高校校园参观,家人,401-600元,餐饮,说走就走,小红书、微博,住宿选择困难、美食探店容易踩雷、小众目的地信息太少、交通接驳信息不清晰,没有现成行程模板,听说过但没用过,,现成学生党行程模板、按预算推荐目的地和行程、当地美食红黑榜,独家小众目的地攻略,微信小程序,简洁高效(直接给结论),,愿意-wx_kjf4aq7b,317,2026-09-06 18:03:49
S109,研一,艺术类,2001-2500元,3-4次,主题乐园、城市人文、美食探店,朋友小团体(4人以上),1000元以上,住宿,提前1-2周,抖音,攻略信息太分散，多APP切换、攻略质量参差不齐，广告多、缺少学生视角的预算参考,攻略质量参差不齐，广告多,完全没听说过,,其他、出行搭子匹配、旅行记账与AA分摊、按预算推荐目的地和行程、当地美食红黑榜,都不愿意付费,都可以,简洁高效(直接给结论),,,254,2026-09-06 15:58:50
S110,研二及以上,理工类,1501-2000元,1-2次,网红打卡点、自然风景、周边乡村/古镇,室友/同学(2-3人),200元以下,门票/体验项目,提前1-2天,小红书、其他,交通接驳信息不清晰、攻略质量参差不齐，广告多,没有现成行程模板,偶尔使用,不能按预算调整、操作太复杂,当地美食红黑榜、实时避坑提醒、住宿区域推荐、按预算推荐目的地和行程、小众目的地种草,AI高级行程定制,微信小程序,真实接地气(学长学姐经验),行李寄存的点能不能标注出来,,227,2026-09-04 13:26:24
S111,大三,理工类,1501-2000元,1-2次,主题乐园,朋友小团体(4人以上),601-800元,门票/体验项目,提前3-7天,微博、抖音、大众点评,小众目的地信息太少、攻略质量参差不齐，广告多、攻略信息太分散，多APP切换,缺少学生视角的预算参考,听说过但没用过,,小众目的地种草、交通接驳指南,独家小众目的地攻略,微信小程序,有趣好玩有梗,,,116,2026-09-05 19:56:58
S112,研二及以上,旅游/酒店管理类,2001-2500元,7次及以上,美食探店,朋友小团体(4人以上),201-400元,交通,提前1-2周,大众点评、小红书,攻略质量参差不齐，广告多、美食探店容易踩雷、住宿选择困难、攻略信息太分散，多APP切换,攻略信息太分散，多APP切换,听说过但没用过,,现成学生党行程模板、出行搭子匹配、行程共享与协同编辑,都不愿意付费,都可以,专业严谨数据详实,当地菜市场能不能推荐，想吃地道的,,98,2026-09-05 19:04:16
S113,大一,医学类,1501-2000元,1-2次,美食探店,室友/同学(2-3人),401-600元,交通,提前1-2天,抖音、大众点评,交通接驳信息不清晰、攻略信息太分散，多APP切换、没有现成行程模板、住宿选择困难,美食探店容易踩雷,偶尔使用,行程模板太少,现成学生党行程模板、小众目的地种草、当地美食红黑榜,都不愿意付费,小红书/抖音账号+社群,简洁高效(直接给结论),周末短途游的推荐能不能更精准一些,,235,2026-09-02 22:17:54
S114,大四,旅游/酒店管理类,1000-1500元,5-6次,城市人文,朋友小团体(4人以上),200元以下,餐饮,提前3-7天,小红书,交通接驳信息不清晰、攻略质量参差不齐，广告多、缺少学生视角的预算参考、美食探店容易踩雷、没有现成行程模板,小众目的地信息太少,经常使用,不能按预算调整、行程模板太少,出行搭子匹配、交通接驳指南,独家小众目的地攻略,独立APP,简洁高效(直接给结论),能不能有旅行照片的模板推荐,,224,2026-09-03 20:46:30
S115,研一,经管类,2001-2500元,1-2次,自然风景、城市人文,室友/同学(2-3人),1000元以上,住宿,提前3-7天,B站、小红书,攻略信息太分散，多APP切换、一人出行难拼车/找搭子、交通接驳信息不清晰、攻略质量参差不齐，广告多,交通接驳信息不清晰,听说过但没用过,,小众目的地种草、交通接驳指南,都不愿意付费,微信小程序,真实接地气(学长学姐经验),希望能和同校的人组队出行,,170,2026-09-06 16:50:30
S116,研一,经管类,2501-3000元,3-4次,城市人文,朋友小团体(4人以上),401-600元,交通,提前3-7天,朋友推荐、OTA平台(携程/马蜂窝)、抖音,小众目的地信息太少、没有现成行程模板、攻略质量参差不齐，广告多,攻略信息太分散，多APP切换,完全没听说过,,现成学生党行程模板、按预算推荐目的地和行程,都不愿意付费,微信小程序,简洁高效(直接给结论),希望能看到实时的景区人流量,愿意-wx_jg8vuazx,152,2026-09-02 12:28:38
S117,研二及以上,旅游/酒店管理类,1000-1500元,7次及以上,城市人文、美食探店、周边乡村/古镇,朋友小团体(4人以上),401-600元,交通,提前1-2周,大众点评、小红书,缺少学生视角的预算参考、攻略信息太分散，多APP切换、攻略质量参差不齐，广告多、住宿选择困难、没有现成行程模板,缺少学生视角的预算参考,经常使用,操作太复杂,行程共享与协同编辑、小众目的地种草,都不愿意付费,微信小程序,图文精美,,,278,2026-09-07 17:26:23
S118,研一,医学类,1501-2000元,7次及以上,周边乡村/古镇、自然风景,朋友小团体(4人以上),601-800元,门票/体验项目,提前1-2周,抖音,没有现成行程模板、攻略质量参差不齐，广告多、住宿选择困难,住宿选择困难,偶尔使用,操作太复杂,交通接驳指南、按预算推荐目的地和行程,无广告纯净体验,小红书/抖音账号+社群,图文精美,希望能有旅行vlog的模板,,107,2026-09-03 15:41:37
S119,大二,旅游/酒店管理类,1501-2000元,3-4次,其他、自然风景,室友/同学(2-3人),601-800元,餐饮,提前1-2天,大众点评、小红书、抖音,小众目的地信息太少、缺少学生视角的预算参考、攻略信息太分散，多APP切换、美食探店容易踩雷,攻略信息太分散，多APP切换,偶尔使用,推荐太商业化、操作太复杂、不能按预算调整,出行搭子匹配、交通接驳指南、当地美食红黑榜、按预算推荐目的地和行程,都不愿意付费,小红书/抖音账号+社群,有趣好玩有梗,希望能看到实时的景区人流量,,233,2026-09-07 10:04:16
S120,大二,经管类,1000元以下,1-2次,美食探店、主题乐园,朋友小团体(4人以上),401-600元,购物/伴手礼,提前1-2周,抖音、小红书、微博,攻略质量参差不齐，广告多、小众目的地信息太少、没有现成行程模板、交通接驳信息不清晰,没有现成行程模板,听说过但没用过,,现成学生党行程模板、按预算推荐目的地和行程、其他,都不愿意付费,微信小程序,简洁高效(直接给结论),,,268,2026-09-02 10:35:18
S121,大四,文史哲类,1501-2000元,3-4次,城市人文、高校校园参观,朋友小团体(4人以上),401-600元,交通,提前1-2天,小红书、抖音,住宿选择困难、一人出行难拼车/找搭子,住宿选择困难,完全没听说过,,当地美食红黑榜、旅行记账与AA分摊、交通接驳指南、出行搭子匹配,都不愿意付费,都可以,简洁高效(直接给结论),当地菜市场能不能推荐，想吃地道的,,300,2026-09-01 16:07:16
S122,大一,艺术类,3000元以上,5-6次,周边乡村/古镇,室友/同学(2-3人),601-800元,住宿,提前3-7天,小红书,攻略信息太分散，多APP切换、美食探店容易踩雷、没有现成行程模板、缺少学生视角的预算参考,住宿选择困难,偶尔使用,交通时间不准、推荐太商业化、不能按预算调整,现成学生党行程模板,独家小众目的地攻略,网页版,有趣好玩有梗,小众景点的交通真的很头疼,,107,2026-09-02 10:43:42
S123,大三,经管类,2501-3000元,7次及以上,自然风景,男/女朋友,1000元以上,餐饮,提前1-2天,其他,缺少学生视角的预算参考、小众目的地信息太少、攻略信息太分散，多APP切换、没有现成行程模板,缺少学生视角的预算参考,完全没听说过,,交通接驳指南、小众目的地种草,都不愿意付费,微信小程序,专业严谨数据详实,当地菜市场能不能推荐，想吃地道的,,82,2026-09-01 19:13:24
S124,大三,理工类,2001-2500元,1-2次,自然风景、高校校园参观,室友/同学(2-3人),201-400元,住宿,提前3-7天,抖音,攻略质量参差不齐，广告多、攻略信息太分散，多APP切换、没有现成行程模板,攻略质量参差不齐，广告多,偶尔使用,推荐太商业化、操作太复杂,小众目的地种草、按预算推荐目的地和行程,独家小众目的地攻略,都可以,图文精美,希望能有旅行vlog的模板,,156,2026-09-05 17:54:36
S125,大一,经管类,1000-1500元,1-2次,主题乐园、美食探店,室友/同学(2-3人),201-400元,住宿,提前3-7天,抖音,美食探店容易踩雷、一人出行难拼车/找搭子、攻略质量参差不齐，广告多、没有现成行程模板,没有现成行程模板,偶尔使用,行程模板太少、交通时间不准,住宿区域推荐、小众目的地种草、按预算推荐目的地和行程、交通接驳指南,其他,网页版,图文精美,,,236,2026-09-10 15:54:58
S126,大一,经管类,1000-1500元,1-2次,美食探店,室友/同学(2-3人),601-800元,门票/体验项目,提前2周以上,大众点评、知乎、抖音,住宿选择困难、攻略信息太分散，多APP切换、攻略质量参差不齐，广告多,攻略质量参差不齐，广告多,完全没听说过,,按预算推荐目的地和行程、现成学生党行程模板,无广告纯净体验,都可以,简洁高效(直接给结论),,愿意-wx_o1cjfx5l,143,2026-09-05 16:40:08
S127,大一,旅游/酒店管理类,1000元以下,5-6次,网红打卡点、主题乐园,男/女朋友,801-1000元,住宿,提前1-2天,大众点评、抖音,没有现成行程模板、交通接驳信息不清晰、缺少学生视角的预算参考,小众目的地信息太少,偶尔使用,行程模板太少、操作太复杂,按预算推荐目的地和行程、出行搭子匹配,都不愿意付费,微信小程序,简洁高效(直接给结论),,,205,2026-09-08 13:00:49
S128,大三,理工类,1000-1500元,0次,,,,,,,攻略质量参差不齐，广告多、美食探店容易踩雷、缺少学生视角的预算参考,交通接驳信息不清晰,完全没听说过,,按预算推荐目的地和行程、交通接驳指南、小众目的地种草、出行搭子匹配,都不愿意付费,小红书/抖音账号+社群,真实接地气(学长学姐经验),希望有雨天备选方案,,298,2026-09-02 11:08:18
S129,大一,文史哲类,1501-2000元,3-4次,城市人文,独自一人,601-800元,交通,说走就走,小红书、抖音,攻略质量参差不齐，广告多、攻略信息太分散，多APP切换,缺少学生视角的预算参考,听说过但没用过,,出行搭子匹配、交通接驳指南、小众目的地种草、当地美食红黑榜,无广告纯净体验,微信小程序,图文精美,希望能看到实时的景区人流量,愿意-wx_1cqg433e,276,2026-09-04 15:49:28
S130,大二,其他,1000-1500元,5-6次,主题乐园,家人,201-400元,餐饮,提前1-2天,小红书、朋友推荐,攻略质量参差不齐，广告多、交通接驳信息不清晰,攻略质量参差不齐，广告多,完全没听说过,,旅行记账与AA分摊、现成学生党行程模板、小众目的地种草,无广告纯净体验,小红书/抖音账号+社群,简洁高效(直接给结论),能不能有毕业旅行的专题,,82,2026-09-01 18:50:44
S131,大三,艺术类,1501-2000元,1-2次,主题乐园,男/女朋友,401-600元,购物/伴手礼,提前1-2周,小红书,小众目的地信息太少、攻略信息太分散，多APP切换,攻略质量参差不齐，广告多,完全没听说过,,出行搭子匹配、小众目的地种草、现成学生党行程模板、当地美食红黑榜,AI高级行程定制,微信小程序,有趣好玩有梗,希望能有夜生活安全的提示,,223,2026-09-05 17:44:31
S132,大二,经管类,1501-2000元,5-6次,网红打卡点、美食探店,男/女朋友,201-400元,餐饮,提前3-7天,大众点评、抖音,小众目的地信息太少、美食探店容易踩雷、交通接驳信息不清晰、缺少学生视角的预算参考,攻略质量参差不齐，广告多,经常使用,不能协同编辑、操作太复杂、交通时间不准,当地美食红黑榜、现成学生党行程模板,独家小众目的地攻略,独立APP,真实接地气(学长学姐经验),高铁票抢票攻略也想要,,88,2026-09-04 10:31:12
S133,大一,艺术类,2501-3000元,5-6次,美食探店、城市人文,室友/同学(2-3人),801-1000元,交通,提前2周以上,抖音、B站、小红书,缺少学生视角的预算参考、小众目的地信息太少,住宿选择困难,听说过但没用过,,出行搭子匹配、现成学生党行程模板,无广告纯净体验,微信小程序,真实接地气(学长学姐经验),当地特色节日活动的信息想要,,104,2026-09-02 20:14:34
S134,大二,经管类,2001-2500元,3-4次,主题乐园,朋友小团体(4人以上),601-800元,门票/体验项目,提前3-7天,抖音、OTA平台(携程/马蜂窝)、B站,小众目的地信息太少、没有现成行程模板,没有现成行程模板,听说过但没用过,,实时避坑提醒、交通接驳指南、其他、行程共享与协同编辑,都不愿意付费,小红书/抖音账号+社群,有趣好玩有梗,希望能有旅行vlog的模板,,224,2026-09-09 12:24:49
S135,大三,医学类,1501-2000元,3-4次,城市人文,室友/同学(2-3人),200元以下,交通,提前1-2周,抖音,攻略质量参差不齐，广告多、缺少学生视角的预算参考、小众目的地信息太少,美食探店容易踩雷,完全没听说过,,按预算推荐目的地和行程、小众目的地种草,AI高级行程定制,都可以,真实接地气(学长学姐经验),行李寄存的点能不能标注出来,,103,2026-09-10 15:36:58
S136,大二,经管类,1501-2000元,3-4次,网红打卡点、美食探店,朋友小团体(4人以上),1000元以上,餐饮,提前1-2天,朋友推荐、抖音,缺少学生视角的预算参考、住宿选择困难、美食探店容易踩雷,住宿选择困难,偶尔使用,推荐太商业化、交通时间不准,按预算推荐目的地和行程、交通接驳指南、现成学生党行程模板,都不愿意付费,微信小程序,图文精美,能不能有毕业旅行的专题,,272,2026-09-10 18:32:05
S137,大二,理工类,1501-2000元,1-2次,主题乐园,朋友小团体(4人以上),601-800元,交通,提前1-2天,朋友推荐、小红书,没有现成行程模板、攻略质量参差不齐，广告多、缺少学生视角的预算参考,没有现成行程模板,听说过但没用过,,现成学生党行程模板、小众目的地种草,都不愿意付费,独立APP,真实接地气(学长学姐经验),音乐节+旅行的组合攻略想要,,169,2026-09-04 14:22:38
S138,大三,教育类,1000-1500元,1-2次,美食探店、自然风景,家人,201-400元,餐饮,提前1-2天,微博、小红书,美食探店容易踩雷、住宿选择困难、攻略信息太分散，多APP切换,没有现成行程模板,偶尔使用,不能按预算调整、行程模板太少,按预算推荐目的地和行程、小众目的地种草、现成学生党行程模板,都不愿意付费,小红书/抖音账号+社群,真实接地气(学长学姐经验),,,311,2026-09-09 09:16:10
S139,大一,经管类,2001-2500元,1-2次,美食探店、城市人文,室友/同学(2-3人),401-600元,门票/体验项目,提前3-7天,小红书,攻略质量参差不齐，广告多、缺少学生视角的预算参考、一人出行难拼车/找搭子、攻略信息太分散，多APP切换,住宿选择困难,听说过但没用过,,现成学生党行程模板、旅行记账与AA分摊、交通接驳指南,都不愿意付费,微信小程序,专业严谨数据详实,景区学生票需要带什么证件能不能说明,,180,2026-09-03 09:22:43
S140,大二,艺术类,1000-1500元,7次及以上,自然风景、城市人文,室友/同学(2-3人),1000元以上,购物/伴手礼,提前2周以上,小红书、抖音,交通接驳信息不清晰、攻略信息太分散，多APP切换、缺少学生视角的预算参考、一人出行难拼车/找搭子,没有现成行程模板,偶尔使用,不能按预算调整,旅行记账与AA分摊、实时避坑提醒、现成学生党行程模板、交通接驳指南、按预算推荐目的地和行程,独家小众目的地攻略,独立APP,有趣好玩有梗,高铁票抢票攻略也想要,,260,2026-09-09 11:27:58
S141,研二及以上,经管类,3000元以上,7次及以上,城市人文、主题乐园,男/女朋友,401-600元,门票/体验项目,提前1-2天,朋友推荐,一人出行难拼车/找搭子、攻略质量参差不齐，广告多、小众目的地信息太少、住宿选择困难、交通接驳信息不清晰,交通接驳信息不清晰,经常使用,操作太复杂,按预算推荐目的地和行程、旅行记账与AA分摊、当地美食红黑榜,都不愿意付费,小红书/抖音账号+社群,简洁高效(直接给结论),希望能和同校的人组队出行,,171,2026-09-02 20:49:30
S142,大一,旅游/酒店管理类,1501-2000元,5-6次,网红打卡点,室友/同学(2-3人),201-400元,交通,说走就走,B站,攻略质量参差不齐，广告多、交通接驳信息不清晰,美食探店容易踩雷,偶尔使用,不能按预算调整、行程模板太少,小众目的地种草、住宿区域推荐、交通接驳指南,都不愿意付费,小红书/抖音账号+社群,简洁高效(直接给结论),,,195,2026-09-08 22:56:02
S143,研一,理工类,1501-2000元,7次及以上,主题乐园,朋友小团体(4人以上),601-800元,交通,提前3-7天,B站、朋友推荐,没有现成行程模板、缺少学生视角的预算参考、交通接驳信息不清晰、攻略信息太分散，多APP切换,缺少学生视角的预算参考,经常使用,不能按预算调整、不能协同编辑、操作太复杂,小众目的地种草、现成学生党行程模板、按预算推荐目的地和行程,都不愿意付费,都可以,有趣好玩有梗,当地菜市场能不能推荐，想吃地道的,愿意-wx_lxzf0dzw,101,2026-09-09 20:24:46
S144,大四,文史哲类,3000元以上,3-4次,城市人文,室友/同学(2-3人),1000元以上,门票/体验项目,提前1-2天,小红书,缺少学生视角的预算参考,交通接驳信息不清晰,听说过但没用过,,按预算推荐目的地和行程、现成学生党行程模板,都不愿意付费,微信小程序,简洁高效(直接给结论),希望能有夜生活安全的提示,,81,2026-09-10 16:15:13
S145,大三,文史哲类,1501-2000元,1-2次,城市人文、网红打卡点、自然风景,朋友小团体(4人以上),801-1000元,交通,提前1-2天,OTA平台(携程/马蜂窝),攻略信息太分散，多APP切换,没有现成行程模板,听说过但没用过,,实时避坑提醒、按预算推荐目的地和行程、小众目的地种草,都不愿意付费,小红书/抖音账号+社群,图文精美,能不能有旅行照片的模板推荐,,271,2026-09-10 14:59:02
S146,大一,理工类,1501-2000元,1-2次,周边乡村/古镇,男/女朋友,201-400元,住宿,提前1-2天,抖音,小众目的地信息太少、交通接驳信息不清晰、攻略信息太分散，多APP切换,交通接驳信息不清晰,听说过但没用过,,小众目的地种草、当地美食红黑榜,都不愿意付费,都可以,真实接地气(学长学姐经验),希望能有旅行vlog的模板,,227,2026-09-10 14:59:08
S147,大三,文史哲类,2001-2500元,3-4次,网红打卡点,室友/同学(2-3人),401-600元,交通,说走就走,OTA平台(携程/马蜂窝)、小红书,住宿选择困难、其他、缺少学生视角的预算参考,攻略质量参差不齐，广告多,听说过但没用过,,按预算推荐目的地和行程、现成学生党行程模板,都不愿意付费,微信小程序,简洁高效(直接给结论),希望能有旅行vlog的模板,,109,2026-09-06 14:25:46
S148,大三,其他,2501-3000元,1-2次,高校校园参观、主题乐园,朋友小团体(4人以上),201-400元,交通,提前1-2天,B站、大众点评,没有现成行程模板、住宿选择困难、美食探店容易踩雷、攻略信息太分散，多APP切换,缺少学生视角的预算参考,听说过但没用过,,交通接驳指南、按预算推荐目的地和行程、现成学生党行程模板,都不愿意付费,小红书/抖音账号+社群,真实接地气(学长学姐经验),希望能看到实时的景区人流量,,87,2026-09-06 15:40:34
S149,大四,艺术类,1501-2000元,3-4次,美食探店、自然风景,独自一人,401-600元,住宿,提前1-2天,微博、抖音,攻略质量参差不齐，广告多、缺少学生视角的预算参考、攻略信息太分散，多APP切换,攻略信息太分散，多APP切换,听说过但没用过,,实时避坑提醒、按预算推荐目的地和行程、现成学生党行程模板、小众目的地种草,AI高级行程定制,微信小程序,图文精美,周末短途游的推荐能不能更精准一些,,320,2026-09-09 19:08:13
S150,大四,文史哲类,2001-2500元,3-4次,自然风景,独自一人,801-1000元,门票/体验项目,提前3-7天,小红书,攻略信息太分散，多APP切换、小众目的地信息太少、交通接驳信息不清晰、攻略质量参差不齐，广告多,攻略质量参差不齐，广告多,偶尔使用,行程模板太少、不能按预算调整、操作太复杂,按预算推荐目的地和行程、旅行记账与AA分摊,都不愿意付费,微信小程序,简洁高效(直接给结论),希望能有旅行vlog的模板,,260,2026-09-05 18:15:10
S151,大一,艺术类,1501-2000元,3-4次,城市人文,家人,201-400元,住宿,说走就走,小红书、大众点评,交通接驳信息不清晰、缺少学生视角的预算参考、住宿选择困难、小众目的地信息太少,没有现成行程模板,完全没听说过,,交通接驳指南、按预算推荐目的地和行程、出行搭子匹配、当地美食红黑榜,AI高级行程定制,小红书/抖音账号+社群,图文精美,,,137,2026-09-03 22:57:39
S152,大二,理工类,1000-1500元,7次及以上,周边乡村/古镇、网红打卡点,室友/同学(2-3人),200元以下,住宿,提前1-2天,微博、抖音,交通接驳信息不清晰、攻略信息太分散，多APP切换、住宿选择困难,小众目的地信息太少,偶尔使用,操作太复杂、行程模板太少、不能按预算调整,现成学生党行程模板、按预算推荐目的地和行程、小众目的地种草,独家小众目的地攻略,小红书/抖音账号+社群,简洁高效(直接给结论),,,167,2026-09-09 20:15:11
S153,大三,经管类,3000元以上,3-4次,城市人文、美食探店,室友/同学(2-3人),201-400元,住宿,提前1-2天,小红书,缺少学生视角的预算参考、交通接驳信息不清晰、攻略信息太分散，多APP切换、攻略质量参差不齐，广告多,没有现成行程模板,完全没听说过,,住宿区域推荐、当地美食红黑榜,AI高级行程定制,微信小程序,简洁高效(直接给结论),希望能有省钱技巧的汇总,,254,2026-09-06 13:36:50
S154,研一,理工类,3000元以上,3-4次,其他、美食探店,朋友小团体(4人以上),601-800元,门票/体验项目,提前2周以上,抖音,攻略信息太分散，多APP切换、没有现成行程模板,美食探店容易踩雷,偶尔使用,推荐太商业化、行程模板太少,当地美食红黑榜、住宿区域推荐、小众目的地种草、现成学生党行程模板,独家小众目的地攻略,微信小程序,简洁高效(直接给结论),希望能看到目的地的天气和穿搭建议,,119,2026-09-05 22:42:08
S155,大一,经管类,1000元以下,5-6次,美食探店、其他,室友/同学(2-3人),200元以下,门票/体验项目,提前1-2周,大众点评、抖音、小红书,没有现成行程模板、缺少学生视角的预算参考、攻略质量参差不齐，广告多、交通接驳信息不清晰,没有现成行程模板,听说过但没用过,,当地美食红黑榜、现成学生党行程模板、实时避坑提醒,都不愿意付费,微信小程序,真实接地气(学长学姐经验),,,108,2026-09-10 16:44:05
S156,大一,医学类,3000元以上,7次及以上,主题乐园、城市人文,男/女朋友,201-400元,住宿,提前1-2周,小红书、OTA平台(携程/马蜂窝)、朋友推荐,交通接驳信息不清晰、美食探店容易踩雷、没有现成行程模板、攻略信息太分散，多APP切换,缺少学生视角的预算参考,完全没听说过,,小众目的地种草、旅行记账与AA分摊、出行搭子匹配、现成学生党行程模板,无广告纯净体验,都可以,图文精美,行李寄存的点能不能标注出来,愿意-wx_rgb93wkc,209,2026-09-02 22:50:17
S157,大二,艺术类,1000-1500元,1-2次,城市人文、美食探店,室友/同学(2-3人),201-400元,门票/体验项目,提前1-2天,小红书、大众点评,缺少学生视角的预算参考、攻略信息太分散，多APP切换,攻略质量参差不齐，广告多,完全没听说过,,出行搭子匹配、住宿区域推荐、小众目的地种草,都不愿意付费,小红书/抖音账号+社群,图文精美,青旅的真实评价太少了,,267,2026-09-06 09:41:16
S158,大四,经管类,1000-1500元,3-4次,主题乐园、高校校园参观,家人,201-400元,餐饮,提前3-7天,小红书、B站,缺少学生视角的预算参考、小众目的地信息太少,缺少学生视角的预算参考,偶尔使用,交通时间不准、操作太复杂、推荐太商业化,实时避坑提醒、小众目的地种草、行程共享与协同编辑,AI高级行程定制,微信小程序,真实接地气(学长学姐经验),能不能有毕业旅行的专题,,252,2026-09-04 20:43:37
S159,大四,文史哲类,2001-2500元,7次及以上,主题乐园、美食探店,男/女朋友,200元以下,交通,提前1-2天,抖音、朋友推荐,攻略质量参差不齐，广告多、攻略信息太分散，多APP切换、美食探店容易踩雷,没有现成行程模板,听说过但没用过,,住宿区域推荐、按预算推荐目的地和行程,都不愿意付费,微信小程序,图文精美,能不能有旅行照片的模板推荐,,258,2026-09-03 13:18:29
S160,大三,经管类,1501-2000元,7次及以上,美食探店,男/女朋友,401-600元,门票/体验项目,提前1-2天,抖音,其他、攻略质量参差不齐，广告多、住宿选择困难,攻略信息太分散，多APP切换,完全没听说过,,当地美食红黑榜、按预算推荐目的地和行程、交通接驳指南,独家小众目的地攻略,小红书/抖音账号+社群,真实接地气(学长学姐经验),周末短途游的推荐能不能更精准一些,,263,2026-09-05 10:02:04
S161,大一,医学类,2001-2500元,0次,,,,,,,攻略信息太分散，多APP切换、交通接驳信息不清晰、美食探店容易踩雷、攻略质量参差不齐，广告多,交通接驳信息不清晰,完全没听说过,,交通接驳指南、实时避坑提醒,都不愿意付费,微信小程序,有趣好玩有梗,,,80,2026-09-07 20:52:49
S162,大三,文史哲类,3000元以上,3-4次,自然风景、城市人文、其他,朋友小团体(4人以上),601-800元,门票/体验项目,提前1-2天,朋友推荐、抖音,攻略质量参差不齐，广告多、攻略信息太分散，多APP切换、缺少学生视角的预算参考,攻略信息太分散，多APP切换,完全没听说过,,当地美食红黑榜、小众目的地种草,无广告纯净体验,小红书/抖音账号+社群,图文精美,高铁票抢票攻略也想要,愿意-wx_a9in2xr8,287,2026-09-08 09:02:21
S163,大一,教育类,1000元以下,1-2次,美食探店、主题乐园,男/女朋友,200元以下,餐饮,提前2周以上,朋友推荐,交通接驳信息不清晰、没有现成行程模板、美食探店容易踩雷、攻略信息太分散，多APP切换,攻略信息太分散，多APP切换,偶尔使用,推荐太商业化,小众目的地种草、按预算推荐目的地和行程,都不愿意付费,网页版,真实接地气(学长学姐经验),希望能有夜生活安全的提示,,237,2026-09-04 10:51:12
S164,大二,教育类,3000元以上,5-6次,城市人文、美食探店,朋友小团体(4人以上),601-800元,购物/伴手礼,提前1-2天,大众点评,攻略信息太分散，多APP切换、攻略质量参差不齐，广告多、小众目的地信息太少,缺少学生视角的预算参考,经常使用,推荐太商业化,按预算推荐目的地和行程、出行搭子匹配,都不愿意付费,微信小程序,真实接地气(学长学姐经验),希望能有夜生活安全的提示,愿意-wx_a7zvky2r,112,2026-09-04 11:40:17
S165,大三,理工类,3000元以上,3-4次,美食探店,男/女朋友,801-1000元,交通,提前1-2周,抖音、小红书,攻略质量参差不齐，广告多、一人出行难拼车/找搭子,没有现成行程模板,完全没听说过,,小众目的地种草、当地美食红黑榜、现成学生党行程模板,无广告纯净体验,微信小程序,真实接地气(学长学姐经验),,,120,2026-09-01 09:41:23
S166,大二,文史哲类,1501-2000元,5-6次,城市人文、周边乡村/古镇,家人,201-400元,门票/体验项目,提前3-7天,小红书,小众目的地信息太少、交通接驳信息不清晰、缺少学生视角的预算参考,攻略信息太分散，多APP切换,听说过但没用过,,现成学生党行程模板、按预算推荐目的地和行程,都不愿意付费,微信小程序,有趣好玩有梗,,,204,2026-09-01 15:09:13
S167,研一,文史哲类,1501-2000元,1-2次,城市人文、自然风景,室友/同学(2-3人),200元以下,餐饮,提前3-7天,微博,缺少学生视角的预算参考、小众目的地信息太少、攻略质量参差不齐，广告多、攻略信息太分散，多APP切换,小众目的地信息太少,完全没听说过,,交通接驳指南、现成学生党行程模板,都不愿意付费,独立APP,有趣好玩有梗,当地特色节日活动的信息想要,,294,2026-09-08 13:00:46
S168,大二,旅游/酒店管理类,1000-1500元,3-4次,网红打卡点,朋友小团体(4人以上),200元以下,餐饮,说走就走,小红书,小众目的地信息太少、没有现成行程模板、缺少学生视角的预算参考、住宿选择困难,没有现成行程模板,偶尔使用,行程模板太少、不能按预算调整,当地美食红黑榜、小众目的地种草,独家小众目的地攻略,微信小程序,真实接地气(学长学姐经验),希望能有大学生优惠门票的汇总信息,愿意-wx_yfquv9qe,260,2026-09-07 11:50:55
S169,大二,文史哲类,2001-2500元,5-6次,自然风景,朋友小团体(4人以上),601-800元,交通,提前1-2周,知乎、大众点评、朋友推荐,交通接驳信息不清晰、缺少学生视角的预算参考,美食探店容易踩雷,偶尔使用,行程模板太少、操作太复杂,当地美食红黑榜、小众目的地种草、按预算推荐目的地和行程、交通接驳指南,都不愿意付费,微信小程序,专业严谨数据详实,,,246,2026-09-08 20:48:37
S170,研一,医学类,2001-2500元,5-6次,自然风景,男/女朋友,401-600元,交通,提前3-7天,大众点评、微博,小众目的地信息太少、交通接驳信息不清晰、没有现成行程模板、攻略质量参差不齐，广告多,小众目的地信息太少,完全没听说过,,现成学生党行程模板、实时避坑提醒,无广告纯净体验,微信小程序,真实接地气(学长学姐经验),,愿意-wx_jzr5swk8,218,2026-09-03 16:22:26
S171,大三,艺术类,1000-1500元,1-2次,网红打卡点,朋友小团体(4人以上),201-400元,餐饮,提前3-7天,抖音、OTA平台(携程/马蜂窝),没有现成行程模板、美食探店容易踩雷、缺少学生视角的预算参考、小众目的地信息太少,攻略质量参差不齐，广告多,听说过但没用过,,住宿区域推荐、按预算推荐目的地和行程、现成学生党行程模板、小众目的地种草,独家小众目的地攻略,都可以,图文精美,,,124,2026-09-03 11:15:07
S172,大一,理工类,1000-1500元,1-2次,城市人文,朋友小团体(4人以上),401-600元,购物/伴手礼,提前1-2天,大众点评、小红书,攻略信息太分散，多APP切换、美食探店容易踩雷、小众目的地信息太少,美食探店容易踩雷,完全没听说过,,按预算推荐目的地和行程、住宿区域推荐、旅行记账与AA分摊,AI高级行程定制,小红书/抖音账号+社群,简洁高效(直接给结论),,,273,2026-09-10 19:09:51
S173,大三,旅游/酒店管理类,1501-2000元,5-6次,主题乐园、城市人文、周边乡村/古镇,室友/同学(2-3人),200元以下,餐饮,提前1-2天,小红书,交通接驳信息不清晰、攻略质量参差不齐，广告多、美食探店容易踩雷,攻略质量参差不齐，广告多,经常使用,推荐太商业化、交通时间不准、其他,现成学生党行程模板、交通接驳指南、实时避坑提醒,AI高级行程定制,微信小程序,有趣好玩有梗,希望能看到目的地的天气和穿搭建议,,83,2026-09-05 14:22:19
S174,研二及以上,旅游/酒店管理类,1000-1500元,5-6次,周边乡村/古镇、自然风景,室友/同学(2-3人),201-400元,餐饮,提前2周以上,B站、小红书、大众点评,攻略质量参差不齐，广告多、缺少学生视角的预算参考,一人出行难拼车/找搭子,偶尔使用,操作太复杂、其他,按预算推荐目的地和行程、小众目的地种草、实时避坑提醒,都不愿意付费,小红书/抖音账号+社群,真实接地气(学长学姐经验),能不能有旅行照片的模板推荐,,154,2026-09-09 16:02:52
S175,大四,旅游/酒店管理类,1501-2000元,5-6次,自然风景、周边乡村/古镇,室友/同学(2-3人),401-600元,餐饮,提前1-2周,OTA平台(携程/马蜂窝),缺少学生视角的预算参考、没有现成行程模板、交通接驳信息不清晰、攻略质量参差不齐，广告多,攻略信息太分散，多APP切换,偶尔使用,不能按预算调整,交通接驳指南、行程共享与协同编辑,都不愿意付费,小红书/抖音账号+社群,真实接地气(学长学姐经验),拍照机位能不能标注出来,,84,2026-09-05 11:37:03
S176,大一,文史哲类,2001-2500元,1-2次,自然风景,室友/同学(2-3人),1000元以上,住宿,提前1-2天,OTA平台(携程/马蜂窝)、小红书,小众目的地信息太少、交通接驳信息不清晰、攻略质量参差不齐，广告多,攻略质量参差不齐，广告多,偶尔使用,不能协同编辑、行程模板太少、交通时间不准,按预算推荐目的地和行程、交通接驳指南、出行搭子匹配,都不愿意付费,微信小程序,简洁高效(直接给结论),,,121,2026-09-02 12:09:32
S177,大二,经管类,2501-3000元,3-4次,网红打卡点、美食探店,男/女朋友,601-800元,购物/伴手礼,说走就走,B站,缺少学生视角的预算参考、交通接驳信息不清晰、攻略信息太分散，多APP切换、没有现成行程模板、一人出行难拼车/找搭子,缺少学生视角的预算参考,完全没听说过,,住宿区域推荐、按预算推荐目的地和行程、出行搭子匹配,独家小众目的地攻略,网页版,真实接地气(学长学姐经验),希望能和同校的人组队出行,,133,2026-09-03 10:27:44
S178,大四,经管类,1000元以下,3-4次,城市人文,男/女朋友,401-600元,交通,提前1-2天,小红书、抖音,小众目的地信息太少,美食探店容易踩雷,偶尔使用,操作太复杂,按预算推荐目的地和行程、住宿区域推荐、现成学生党行程模板,都不愿意付费,微信小程序,有趣好玩有梗,,,97,2026-09-02 22:37:48
S179,大一,经管类,1000-1500元,1-2次,城市人文、周边乡村/古镇、高校校园参观,家人,601-800元,住宿,提前3-7天,抖音,攻略质量参差不齐，广告多、缺少学生视角的预算参考,缺少学生视角的预算参考,偶尔使用,行程模板太少,按预算推荐目的地和行程、住宿区域推荐,都不愿意付费,独立APP,真实接地气(学长学姐经验),希望能有旅行vlog的模板,,178,2026-09-05 16:38:47
S180,大二,其他,1501-2000元,3-4次,其他、自然风景,男/女朋友,801-1000元,门票/体验项目,提前2周以上,小红书、其他,交通接驳信息不清晰、缺少学生视角的预算参考、没有现成行程模板、攻略信息太分散，多APP切换,缺少学生视角的预算参考,完全没听说过,,住宿区域推荐、实时避坑提醒,独家小众目的地攻略,微信小程序,真实接地气(学长学姐经验),,,183,2026-09-02 12:53:27
S181,大四,理工类,2001-2500元,3-4次,周边乡村/古镇,家人,401-600元,餐饮,提前2周以上,大众点评、小红书,攻略信息太分散，多APP切换、攻略质量参差不齐，广告多、没有现成行程模板、交通接驳信息不清晰,攻略信息太分散，多APP切换,经常使用,不能按预算调整,旅行记账与AA分摊、小众目的地种草,都不愿意付费,微信小程序,简洁高效(直接给结论),周末短途游的推荐能不能更精准一些,,249,2026-09-09 21:31:50
S182,大三,理工类,1501-2000元,3-4次,自然风景、网红打卡点、主题乐园,家人,200元以下,住宿,提前2周以上,抖音、微博,没有现成行程模板、攻略信息太分散，多APP切换、住宿选择困难、攻略质量参差不齐，广告多,交通接驳信息不清晰,听说过但没用过,,现成学生党行程模板、小众目的地种草、住宿区域推荐,都不愿意付费,独立APP,简洁高效(直接给结论),,,298,2026-09-03 17:03:25
S183,大二,艺术类,1501-2000元,3-4次,自然风景、城市人文,独自一人,801-1000元,住宿,提前1-2周,朋友推荐,缺少学生视角的预算参考、没有现成行程模板、其他,攻略信息太分散，多APP切换,偶尔使用,交通时间不准,实时避坑提醒、按预算推荐目的地和行程,AI高级行程定制,微信小程序,真实接地气(学长学姐经验),希望能有旅行vlog的模板,愿意-wx_xpspaqal,226,2026-09-07 14:36:06
S184,大四,经管类,2001-2500元,1-2次,周边乡村/古镇、美食探店、城市人文,室友/同学(2-3人),1000元以上,交通,提前1-2周,微博,攻略质量参差不齐，广告多、攻略信息太分散，多APP切换、其他,缺少学生视角的预算参考,偶尔使用,其他、交通时间不准、不能按预算调整,现成学生党行程模板、交通接驳指南、小众目的地种草,AI高级行程定制,微信小程序,有趣好玩有梗,拍照机位能不能标注出来,,190,2026-09-09 14:12:26
S185,大二,艺术类,1501-2000元,5-6次,网红打卡点,朋友小团体(4人以上),601-800元,交通,提前3-7天,知乎、朋友推荐、抖音,美食探店容易踩雷、小众目的地信息太少、攻略信息太分散，多APP切换、攻略质量参差不齐，广告多、没有现成行程模板,攻略质量参差不齐，广告多,听说过但没用过,,行程共享与协同编辑、小众目的地种草、实时避坑提醒,都不愿意付费,网页版,真实接地气(学长学姐经验),,,145,2026-09-10 12:25:15
S186,大一,经管类,1000-1500元,5-6次,主题乐园、其他,室友/同学(2-3人),601-800元,交通,提前1-2天,小红书,交通接驳信息不清晰、攻略质量参差不齐，广告多、住宿选择困难、一人出行难拼车/找搭子,缺少学生视角的预算参考,经常使用,行程模板太少,行程共享与协同编辑、实时避坑提醒、现成学生党行程模板,都不愿意付费,微信小程序,专业严谨数据详实,高铁票抢票攻略也想要,,226,2026-09-09 10:33:42
S187,大四,旅游/酒店管理类,3000元以上,3-4次,自然风景,室友/同学(2-3人),801-1000元,住宿,提前1-2周,朋友推荐,攻略质量参差不齐，广告多、攻略信息太分散，多APP切换、缺少学生视角的预算参考,住宿选择困难,经常使用,行程模板太少、推荐太商业化,小众目的地种草、现成学生党行程模板、住宿区域推荐、按预算推荐目的地和行程,AI高级行程定制,微信小程序,真实接地气(学长学姐经验),,,249,2026-09-01 20:58:50
S188,大三,理工类,1501-2000元,3-4次,自然风景、周边乡村/古镇、城市人文,男/女朋友,801-1000元,住宿,提前2周以上,B站,攻略信息太分散，多APP切换、住宿选择困难、攻略质量参差不齐，广告多,住宿选择困难,完全没听说过,,实时避坑提醒、住宿区域推荐、小众目的地种草、按预算推荐目的地和行程,都不愿意付费,网页版,专业严谨数据详实,,,317,2026-09-06 20:27:56
S189,研一,经管类,1000-1500元,1-2次,自然风景,朋友小团体(4人以上),601-800元,餐饮,提前3-7天,朋友推荐,交通接驳信息不清晰、小众目的地信息太少、攻略质量参差不齐，广告多,缺少学生视角的预算参考,听说过但没用过,,交通接驳指南、按预算推荐目的地和行程、现成学生党行程模板、当地美食红黑榜,都不愿意付费,小红书/抖音账号+社群,真实接地气(学长学姐经验),音乐节+旅行的组合攻略想要,,161,2026-09-08 16:55:47
S190,大一,经管类,1501-2000元,1-2次,城市人文、自然风景,室友/同学(2-3人),801-1000元,购物/伴手礼,提前1-2周,小红书,美食探店容易踩雷、交通接驳信息不清晰,没有现成行程模板,完全没听说过,,现成学生党行程模板、当地美食红黑榜、按预算推荐目的地和行程、小众目的地种草,AI高级行程定制,微信小程序,简洁高效(直接给结论),一个人旅行的安全问题能不能有提示,愿意-wx_s173rih8,288,2026-09-05 13:47:31
S191,大二,文史哲类,1000-1500元,1-2次,周边乡村/古镇、城市人文,室友/同学(2-3人),401-600元,交通,提前2周以上,大众点评,缺少学生视角的预算参考、交通接驳信息不清晰、没有现成行程模板,攻略信息太分散，多APP切换,偶尔使用,其他、行程模板太少,当地美食红黑榜、住宿区域推荐,AI高级行程定制,微信小程序,真实接地气(学长学姐经验),,,200,2026-09-06 18:42:51
S192,大三,医学类,1000元以下,1-2次,自然风景、其他、美食探店,室友/同学(2-3人),601-800元,交通,提前1-2天,大众点评,美食探店容易踩雷、攻略信息太分散，多APP切换、缺少学生视角的预算参考、没有现成行程模板,攻略质量参差不齐，广告多,偶尔使用,其他,行程共享与协同编辑、出行搭子匹配、住宿区域推荐、实时避坑提醒、现成学生党行程模板,都不愿意付费,小红书/抖音账号+社群,图文精美,行李寄存的点能不能标注出来,,191,2026-09-03 14:47:31
S193,大四,经管类,2501-3000元,5-6次,城市人文,室友/同学(2-3人),201-400元,交通,提前1-2周,小红书、B站,攻略信息太分散，多APP切换、缺少学生视角的预算参考、小众目的地信息太少、没有现成行程模板,小众目的地信息太少,完全没听说过,,小众目的地种草、现成学生党行程模板,独家小众目的地攻略,网页版,图文精美,希望有雨天备选方案,,249,2026-09-10 12:37:00
S194,大三,艺术类,1501-2000元,1-2次,美食探店、网红打卡点,独自一人,601-800元,餐饮,提前1-2天,B站、小红书、抖音,攻略信息太分散，多APP切换、住宿选择困难,没有现成行程模板,听说过但没用过,,交通接驳指南、按预算推荐目的地和行程、旅行记账与AA分摊、当地美食红黑榜,其他,微信小程序,图文精美,高铁票抢票攻略也想要,,92,2026-09-05 14:51:03
S195,大四,文史哲类,2001-2500元,1-2次,城市人文、高校校园参观,男/女朋友,201-400元,门票/体验项目,提前1-2天,抖音、朋友推荐,攻略信息太分散，多APP切换、没有现成行程模板,小众目的地信息太少,偶尔使用,交通时间不准、行程模板太少、操作太复杂,交通接驳指南、实时避坑提醒、小众目的地种草,都不愿意付费,微信小程序,图文精美,希望能看到目的地的天气和穿搭建议,,191,2026-09-07 10:02:32
S196,大二,文史哲类,1000-1500元,3-4次,高校校园参观,朋友小团体(4人以上),401-600元,交通,提前3-7天,B站,缺少学生视角的预算参考、一人出行难拼车/找搭子、交通接驳信息不清晰、攻略质量参差不齐，广告多,缺少学生视角的预算参考,听说过但没用过,,实时避坑提醒、小众目的地种草,都不愿意付费,微信小程序,简洁高效(直接给结论),行李寄存的点能不能标注出来,,229,2026-09-02 21:32:01
S197,大一,艺术类,1000-1500元,1-2次,城市人文、自然风景,朋友小团体(4人以上),201-400元,餐饮,提前1-2周,OTA平台(携程/马蜂窝)、小红书,攻略质量参差不齐，广告多、攻略信息太分散，多APP切换、一人出行难拼车/找搭子,攻略质量参差不齐，广告多,听说过但没用过,,小众目的地种草、按预算推荐目的地和行程,都不愿意付费,网页版,专业严谨数据详实,希望能有夜生活安全的提示,,288,2026-09-10 14:44:43
S198,研二及以上,医学类,2501-3000元,1-2次,城市人文,室友/同学(2-3人),200元以下,购物/伴手礼,提前2周以上,抖音,交通接驳信息不清晰、没有现成行程模板,小众目的地信息太少,偶尔使用,不能协同编辑、操作太复杂,按预算推荐目的地和行程、住宿区域推荐、旅行记账与AA分摊,AI高级行程定制,网页版,简洁高效(直接给结论),,,292,2026-09-07 09:21:00
S199,大一,旅游/酒店管理类,1501-2000元,3-4次,周边乡村/古镇、美食探店,朋友小团体(4人以上),401-600元,住宿,提前3-7天,朋友推荐、知乎、B站,攻略质量参差不齐，广告多、攻略信息太分散，多APP切换、没有现成行程模板,攻略质量参差不齐，广告多,听说过但没用过,,按预算推荐目的地和行程、交通接驳指南、当地美食红黑榜、小众目的地种草,独家小众目的地攻略,小红书/抖音账号+社群,简洁高效(直接给结论),希望能有省钱技巧的汇总,,136,2026-09-10 19:21:58
S200,大三,旅游/酒店管理类,2001-2500元,1-2次,周边乡村/古镇、自然风景,室友/同学(2-3人),1000元以上,餐饮,提前1-2天,朋友推荐、微博,攻略质量参差不齐，广告多、小众目的地信息太少、交通接驳信息不清晰,攻略信息太分散，多APP切换,偶尔使用,不能按预算调整、不能协同编辑、推荐太商业化,现成学生党行程模板、按预算推荐目的地和行程、实时避坑提醒,AI高级行程定制,微信小程序,有趣好玩有梗,拍照机位能不能标注出来,愿意-wx_cpweijmm,91,2026-09-09 13:57:09
S201,大四,旅游/酒店管理类,2001-2500元,1-2次,高校校园参观,室友/同学(2-3人),401-600元,门票/体验项目,提前1-2天,朋友推荐,住宿选择困难、攻略信息太分散，多APP切换,攻略信息太分散，多APP切换,听说过但没用过,,实时避坑提醒、按预算推荐目的地和行程、现成学生党行程模板,都不愿意付费,独立APP,图文精美,周末短途游的推荐能不能更精准一些,,173,2026-09-06 22:08:07
S202,大四,文史哲类,1501-2000元,5-6次,网红打卡点,朋友小团体(4人以上),401-600元,交通,提前1-2天,朋友推荐、抖音、OTA平台(携程/马蜂窝),小众目的地信息太少、没有现成行程模板,攻略信息太分散，多APP切换,偶尔使用,推荐太商业化、其他,实时避坑提醒、小众目的地种草、出行搭子匹配、住宿区域推荐,都不愿意付费,微信小程序,真实接地气(学长学姐经验),能不能有毕业旅行的专题,,122,2026-09-07 09:25:48
S203,大一,旅游/酒店管理类,1000-1500元,5-6次,其他、周边乡村/古镇、网红打卡点,家人,201-400元,门票/体验项目,提前3-7天,朋友推荐、抖音,攻略信息太分散，多APP切换、缺少学生视角的预算参考、没有现成行程模板、美食探店容易踩雷,没有现成行程模板,偶尔使用,推荐太商业化,当地美食红黑榜、行程共享与协同编辑、住宿区域推荐、小众目的地种草、按预算推荐目的地和行程,AI高级行程定制,微信小程序,真实接地气(学长学姐经验),高铁票抢票攻略也想要,,218,2026-09-05 12:05:32
S204,大三,文史哲类,2001-2500元,1-2次,网红打卡点,朋友小团体(4人以上),401-600元,门票/体验项目,提前1-2天,其他、小红书,住宿选择困难、攻略质量参差不齐，广告多,缺少学生视角的预算参考,偶尔使用,推荐太商业化、不能按预算调整,小众目的地种草、旅行记账与AA分摊,都不愿意付费,都可以,简洁高效(直接给结论),希望能和同校的人组队出行,,152,2026-09-10 19:08:45
S205,大二,医学类,1000-1500元,3-4次,网红打卡点,室友/同学(2-3人),200元以下,餐饮,提前1-2周,小红书,美食探店容易踩雷、没有现成行程模板、缺少学生视角的预算参考,没有现成行程模板,听说过但没用过,,行程共享与协同编辑、交通接驳指南、其他、当地美食红黑榜,都不愿意付费,小红书/抖音账号+社群,简洁高效(直接给结论),青旅的真实评价太少了,愿意-wx_ezez5ehr,271,2026-09-03 17:23:58
S206,研二及以上,艺术类,1501-2000元,1-2次,自然风景、主题乐园、城市人文,室友/同学(2-3人),401-600元,交通,说走就走,小红书,攻略信息太分散，多APP切换、美食探店容易踩雷、攻略质量参差不齐，广告多、住宿选择困难,缺少学生视角的预算参考,偶尔使用,操作太复杂,交通接驳指南、实时避坑提醒、出行搭子匹配、小众目的地种草,都不愿意付费,小红书/抖音账号+社群,图文精美,拍照机位能不能标注出来,,274,2026-09-08 19:28:09
S207,研一,理工类,2001-2500元,3-4次,自然风景、网红打卡点,室友/同学(2-3人),200元以下,餐饮,提前3-7天,OTA平台(携程/马蜂窝)、微博,没有现成行程模板、住宿选择困难,交通接驳信息不清晰,听说过但没用过,,当地美食红黑榜、按预算推荐目的地和行程,其他,独立APP,图文精美,,,208,2026-09-01 10:42:59
S208,大三,其他,1000-1500元,1-2次,网红打卡点、美食探店、城市人文,朋友小团体(4人以上),201-400元,餐饮,提前3-7天,抖音,缺少学生视角的预算参考、住宿选择困难,攻略质量参差不齐，广告多,偶尔使用,不能按预算调整,按预算推荐目的地和行程、现成学生党行程模板,都不愿意付费,微信小程序,简洁高效(直接给结论),希望能有旅行vlog的模板,,262,2026-09-01 13:24:06
S209,大二,理工类,1501-2000元,1-2次,城市人文,室友/同学(2-3人),601-800元,交通,提前3-7天,抖音、小红书,没有现成行程模板、攻略信息太分散，多APP切换、交通接驳信息不清晰、美食探店容易踩雷,攻略信息太分散，多APP切换,听说过但没用过,,现成学生党行程模板、交通接驳指南,都不愿意付费,微信小程序,简洁高效(直接给结论),希望能有大学生优惠门票的汇总信息,,208,2026-09-04 21:09:23
S210,大三,经管类,1000-1500元,7次及以上,主题乐园、城市人文,男/女朋友,201-400元,购物/伴手礼,说走就走,小红书,其他、住宿选择困难、攻略质量参差不齐，广告多、缺少学生视角的预算参考,攻略质量参差不齐，广告多,偶尔使用,行程模板太少,当地美食红黑榜、出行搭子匹配、其他、行程共享与协同编辑,独家小众目的地攻略,独立APP,有趣好玩有梗,,,272,2026-09-08 13:15:42
S211,研二及以上,理工类,1501-2000元,3-4次,网红打卡点,室友/同学(2-3人),1000元以上,餐饮,说走就走,OTA平台(携程/马蜂窝),没有现成行程模板、小众目的地信息太少、缺少学生视角的预算参考、攻略信息太分散，多APP切换,住宿选择困难,听说过但没用过,,实时避坑提醒、出行搭子匹配,都不愿意付费,微信小程序,专业严谨数据详实,,,171,2026-09-07 11:53:49
S212,大四,其他,1000-1500元,3-4次,自然风景,室友/同学(2-3人),200元以下,交通,提前2周以上,小红书、朋友推荐,住宿选择困难、攻略质量参差不齐，广告多、一人出行难拼车/找搭子,攻略信息太分散，多APP切换,听说过但没用过,,按预算推荐目的地和行程、旅行记账与AA分摊、当地美食红黑榜,独家小众目的地攻略,微信小程序,简洁高效(直接给结论),青旅的真实评价太少了,,248,2026-09-10 19:43:38
S213,大三,经管类,1000-1500元,1-2次,高校校园参观、网红打卡点,男/女朋友,401-600元,交通,提前1-2周,其他,交通接驳信息不清晰、美食探店容易踩雷、攻略信息太分散，多APP切换、缺少学生视角的预算参考,没有现成行程模板,听说过但没用过,,小众目的地种草、其他、现成学生党行程模板、当地美食红黑榜,都不愿意付费,微信小程序,图文精美,希望能和同校的人组队出行,愿意-wx_7tlom539,137,2026-09-07 10:58:15
S214,大二,理工类,1000元以下,3-4次,主题乐园,男/女朋友,401-600元,餐饮,提前1-2天,小红书、抖音,住宿选择困难、没有现成行程模板、攻略质量参差不齐，广告多,攻略信息太分散，多APP切换,听说过但没用过,,住宿区域推荐、交通接驳指南、按预算推荐目的地和行程,无广告纯净体验,微信小程序,有趣好玩有梗,,,95,2026-09-08 09:19:39
S215,大三,经管类,2001-2500元,3-4次,网红打卡点、自然风景,朋友小团体(4人以上),401-600元,门票/体验项目,提前1-2周,小红书、抖音、朋友推荐,缺少学生视角的预算参考、美食探店容易踩雷,小众目的地信息太少,听说过但没用过,,交通接驳指南、按预算推荐目的地和行程、住宿区域推荐,都不愿意付费,网页版,专业严谨数据详实,高铁票抢票攻略也想要,,145,2026-09-06 15:30:46
S216,大三,经管类,1000-1500元,0次,,,,,,,缺少学生视角的预算参考、一人出行难拼车/找搭子,交通接驳信息不清晰,听说过但没用过,,按预算推荐目的地和行程、现成学生党行程模板,AI高级行程定制,微信小程序,简洁高效(直接给结论),希望能看到实时的景区人流量,愿意-wx_s44phh62,167,2026-09-04 19:30:44
S217,大三,文史哲类,2001-2500元,5-6次,高校校园参观、美食探店、自然风景,室友/同学(2-3人),401-600元,门票/体验项目,说走就走,B站,交通接驳信息不清晰、没有现成行程模板、攻略质量参差不齐，广告多,缺少学生视角的预算参考,听说过但没用过,,出行搭子匹配、小众目的地种草、行程共享与协同编辑,无广告纯净体验,微信小程序,简洁高效(直接给结论),一个人旅行的安全问题能不能有提示,愿意-wx_pw6m9hkh,147,2026-09-03 14:54:35
S218,大二,经管类,1000-1500元,1-2次,城市人文,朋友小团体(4人以上),201-400元,门票/体验项目,说走就走,抖音,缺少学生视角的预算参考、攻略质量参差不齐，广告多,缺少学生视角的预算参考,完全没听说过,,行程共享与协同编辑、按预算推荐目的地和行程、实时避坑提醒、出行搭子匹配,独家小众目的地攻略,微信小程序,简洁高效(直接给结论),,,142,2026-09-01 21:39:37
S219,大二,文史哲类,2001-2500元,1-2次,美食探店,室友/同学(2-3人),201-400元,餐饮,提前3-7天,小红书,小众目的地信息太少、交通接驳信息不清晰、攻略质量参差不齐，广告多、缺少学生视角的预算参考、美食探店容易踩雷,交通接驳信息不清晰,听说过但没用过,,按预算推荐目的地和行程、住宿区域推荐、交通接驳指南、小众目的地种草、旅行记账与AA分摊,都不愿意付费,独立APP,图文精美,,,309,2026-09-04 16:55:15
S220,大二,理工类,2501-3000元,3-4次,自然风景、城市人文,男/女朋友,401-600元,住宿,提前1-2天,抖音,缺少学生视角的预算参考、没有现成行程模板、住宿选择困难,攻略质量参差不齐，广告多,听说过但没用过,,小众目的地种草、现成学生党行程模板、按预算推荐目的地和行程,都不愿意付费,微信小程序,简洁高效(直接给结论),希望能有大学生优惠门票的汇总信息,,317,2026-09-04 10:07:04
S221,大二,文史哲类,1501-2000元,3-4次,自然风景、周边乡村/古镇,朋友小团体(4人以上),401-600元,餐饮,提前2周以上,朋友推荐、B站、小红书,攻略质量参差不齐，广告多、缺少学生视角的预算参考、其他、一人出行难拼车/找搭子,小众目的地信息太少,完全没听说过,,小众目的地种草、交通接驳指南,都不愿意付费,微信小程序,简洁高效(直接给结论),希望能和同校的人组队出行,,133,2026-09-08 12:33:37
S222,大四,教育类,2001-2500元,3-4次,自然风景,室友/同学(2-3人),801-1000元,餐饮,提前1-2天,微博、小红书,没有现成行程模板、攻略信息太分散，多APP切换、美食探店容易踩雷,攻略信息太分散，多APP切换,完全没听说过,,现成学生党行程模板、小众目的地种草、当地美食红黑榜,都不愿意付费,独立APP,真实接地气(学长学姐经验),,,88,2026-09-03 11:21:36
S223,大三,艺术类,2001-2500元,5-6次,城市人文、自然风景,朋友小团体(4人以上),201-400元,交通,提前3-7天,OTA平台(携程/马蜂窝)、抖音,攻略信息太分散，多APP切换、没有现成行程模板,交通接驳信息不清晰,偶尔使用,操作太复杂,现成学生党行程模板、当地美食红黑榜、按预算推荐目的地和行程,都不愿意付费,微信小程序,有趣好玩有梗,音乐节+旅行的组合攻略想要,,108,2026-09-03 17:26:30
S224,大四,理工类,2501-3000元,1-2次,自然风景,男/女朋友,801-1000元,交通,提前3-7天,大众点评,攻略质量参差不齐，广告多、攻略信息太分散，多APP切换、缺少学生视角的预算参考,小众目的地信息太少,听说过但没用过,,小众目的地种草、交通接驳指南、住宿区域推荐、现成学生党行程模板、实时避坑提醒,AI高级行程定制,小红书/抖音账号+社群,图文精美,景区学生票需要带什么证件能不能说明,,290,2026-09-03 15:15:11
S225,研一,医学类,1501-2000元,7次及以上,美食探店,独自一人,601-800元,交通,提前2周以上,小红书,交通接驳信息不清晰、攻略信息太分散，多APP切换、小众目的地信息太少、美食探店容易踩雷,住宿选择困难,偶尔使用,操作太复杂、行程模板太少、不能协同编辑,小众目的地种草、按预算推荐目的地和行程、现成学生党行程模板,无广告纯净体验,小红书/抖音账号+社群,图文精美,当地菜市场能不能推荐，想吃地道的,,270,2026-09-07 22:12:25
S226,大一,理工类,2001-2500元,1-2次,周边乡村/古镇、主题乐园、城市人文,朋友小团体(4人以上),401-600元,购物/伴手礼,提前1-2天,微博、小红书,交通接驳信息不清晰、攻略质量参差不齐，广告多,攻略信息太分散，多APP切换,完全没听说过,,按预算推荐目的地和行程、住宿区域推荐、当地美食红黑榜,独家小众目的地攻略,微信小程序,真实接地气(学长学姐经验),,,216,2026-09-04 16:44:03
S227,大四,教育类,2001-2500元,5-6次,自然风景,室友/同学(2-3人),201-400元,交通,提前1-2周,B站,美食探店容易踩雷、攻略质量参差不齐，广告多、攻略信息太分散，多APP切换,攻略信息太分散，多APP切换,听说过但没用过,,现成学生党行程模板、实时避坑提醒,都不愿意付费,网页版,真实接地气(学长学姐经验),青旅的真实评价太少了,愿意-wx_s3lww7op,139,2026-09-04 10:22:20
S228,大一,理工类,1501-2000元,1-2次,城市人文、美食探店,室友/同学(2-3人),601-800元,交通,提前1-2周,抖音、大众点评,小众目的地信息太少,美食探店容易踩雷,听说过但没用过,,旅行记账与AA分摊、交通接驳指南、当地美食红黑榜,都不愿意付费,都可以,图文精美,,,274,2026-09-06 22:42:30
S229,大一,经管类,2501-3000元,3-4次,美食探店、城市人文,家人,401-600元,餐饮,提前1-2周,小红书、抖音,交通接驳信息不清晰、攻略信息太分散，多APP切换、缺少学生视角的预算参考,攻略质量参差不齐，广告多,偶尔使用,交通时间不准,实时避坑提醒、交通接驳指南,都不愿意付费,微信小程序,真实接地气(学长学姐经验),,,186,2026-09-05 21:01:14
S230,大四,理工类,1000-1500元,3-4次,其他、周边乡村/古镇、美食探店,室友/同学(2-3人),601-800元,住宿,提前1-2天,小红书、微博,攻略信息太分散，多APP切换、其他、美食探店容易踩雷,攻略信息太分散，多APP切换,偶尔使用,推荐太商业化、行程模板太少,小众目的地种草,独家小众目的地攻略,微信小程序,简洁高效(直接给结论),,,227,2026-09-08 19:12:17
S231,研一,文史哲类,3000元以上,3-4次,城市人文、自然风景,朋友小团体(4人以上),801-1000元,门票/体验项目,提前1-2周,小红书、抖音,小众目的地信息太少、美食探店容易踩雷,没有现成行程模板,偶尔使用,操作太复杂、行程模板太少,小众目的地种草、当地美食红黑榜、按预算推荐目的地和行程,AI高级行程定制,微信小程序,真实接地气(学长学姐经验),,,266,2026-09-06 16:25:59
S232,大二,理工类,2001-2500元,1-2次,美食探店,室友/同学(2-3人),200元以下,购物/伴手礼,提前1-2天,小红书、朋友推荐、知乎,没有现成行程模板、交通接驳信息不清晰、小众目的地信息太少,没有现成行程模板,完全没听说过,,现成学生党行程模板、按预算推荐目的地和行程、出行搭子匹配,都不愿意付费,小红书/抖音账号+社群,图文精美,希望能看到实时的景区人流量,,196,2026-09-03 13:15:38
S233,大三,艺术类,1000-1500元,1-2次,美食探店,家人,201-400元,餐饮,提前2周以上,B站、小红书,攻略质量参差不齐，广告多、缺少学生视角的预算参考、一人出行难拼车/找搭子、交通接驳信息不清晰,缺少学生视角的预算参考,听说过但没用过,,按预算推荐目的地和行程、交通接驳指南,都不愿意付费,网页版,真实接地气(学长学姐经验),当地特色节日活动的信息想要,,181,2026-09-05 09:10:52
S234,大三,经管类,2001-2500元,3-4次,美食探店、周边乡村/古镇,室友/同学(2-3人),401-600元,餐饮,提前1-2天,大众点评,没有现成行程模板、住宿选择困难,攻略信息太分散，多APP切换,经常使用,不能协同编辑,现成学生党行程模板、实时避坑提醒、小众目的地种草,都不愿意付费,小红书/抖音账号+社群,有趣好玩有梗,青旅的真实评价太少了,愿意-wx_decbir1a,148,2026-09-01 19:37:50
S235,研二及以上,经管类,1501-2000元,0次,,,,,,,美食探店容易踩雷、没有现成行程模板、缺少学生视角的预算参考,缺少学生视角的预算参考,完全没听说过,,出行搭子匹配、实时避坑提醒、当地美食红黑榜、小众目的地种草,无广告纯净体验,微信小程序,真实接地气(学长学姐经验),周末短途游的推荐能不能更精准一些,愿意-wx_5o47aet8,272,2026-09-04 14:28:39
S236,大三,旅游/酒店管理类,1501-2000元,5-6次,其他,家人,801-1000元,交通,提前1-2天,知乎,交通接驳信息不清晰、攻略质量参差不齐，广告多、没有现成行程模板、小众目的地信息太少,小众目的地信息太少,偶尔使用,其他、推荐太商业化,住宿区域推荐、现成学生党行程模板,独家小众目的地攻略,微信小程序,简洁高效(直接给结论),拍照机位能不能标注出来,愿意-wx_rd399q68,203,2026-09-09 12:15:13
S237,大一,旅游/酒店管理类,2001-2500元,1-2次,城市人文、高校校园参观、自然风景,室友/同学(2-3人),401-600元,餐饮,提前3-7天,小红书、大众点评,攻略信息太分散，多APP切换、交通接驳信息不清晰、美食探店容易踩雷、小众目的地信息太少,没有现成行程模板,听说过但没用过,,实时避坑提醒、住宿区域推荐、当地美食红黑榜,其他,微信小程序,真实接地气(学长学姐经验),行李寄存的点能不能标注出来,愿意-wx_dd070en4,177,2026-09-10 20:00:19
S238,大一,文史哲类,2501-3000元,7次及以上,周边乡村/古镇,家人,401-600元,餐饮,提前3-7天,抖音,缺少学生视角的预算参考、住宿选择困难、攻略质量参差不齐，广告多、交通接驳信息不清晰,攻略信息太分散，多APP切换,偶尔使用,交通时间不准、不能协同编辑,现成学生党行程模板、其他、按预算推荐目的地和行程,都不愿意付费,独立APP,有趣好玩有梗,希望能有夜生活安全的提示,,176,2026-09-01 21:21:09
S239,大四,经管类,2001-2500元,5-6次,周边乡村/古镇、高校校园参观,男/女朋友,601-800元,交通,提前1-2周,其他,缺少学生视角的预算参考、交通接驳信息不清晰、其他、小众目的地信息太少,缺少学生视角的预算参考,偶尔使用,推荐太商业化、交通时间不准、不能按预算调整,按预算推荐目的地和行程、住宿区域推荐,都不愿意付费,网页版,有趣好玩有梗,景区学生票需要带什么证件能不能说明,,121,2026-09-10 11:28:44
S240,大三,旅游/酒店管理类,1000-1500元,7次及以上,周边乡村/古镇,独自一人,401-600元,餐饮,提前3-7天,抖音,交通接驳信息不清晰、攻略质量参差不齐，广告多、攻略信息太分散，多APP切换、缺少学生视角的预算参考、没有现成行程模板,美食探店容易踩雷,经常使用,交通时间不准、不能按预算调整、其他,现成学生党行程模板、按预算推荐目的地和行程、小众目的地种草、交通接驳指南,独家小众目的地攻略,小红书/抖音账号+社群,图文精美,希望能有大学生优惠门票的汇总信息,,301,2026-09-07 13:40:41
S241,大三,经管类,1000-1500元,1-2次,美食探店、主题乐园、城市人文,朋友小团体(4人以上),401-600元,交通,提前1-2周,小红书、抖音、OTA平台(携程/马蜂窝),缺少学生视角的预算参考、攻略信息太分散，多APP切换、小众目的地信息太少、住宿选择困难,缺少学生视角的预算参考,听说过但没用过,,现成学生党行程模板、出行搭子匹配,都不愿意付费,独立APP,真实接地气(学长学姐经验),一个人旅行的安全问题能不能有提示,,133,2026-09-02 11:55:38
S242,大三,经管类,1501-2000元,1-2次,城市人文,室友/同学(2-3人),201-400元,餐饮,提前1-2周,小红书,没有现成行程模板、缺少学生视角的预算参考,没有现成行程模板,听说过但没用过,,现成学生党行程模板、按预算推荐目的地和行程,都不愿意付费,都可以,真实接地气(学长学姐经验),希望能有省钱技巧的汇总,愿意-wx_rl69vsyx,91,2026-09-04 09:12:09
S243,大二,旅游/酒店管理类,3000元以上,5-6次,美食探店,室友/同学(2-3人),801-1000元,住宿,提前3-7天,抖音、B站,没有现成行程模板、一人出行难拼车/找搭子、交通接驳信息不清晰、美食探店容易踩雷、攻略信息太分散，多APP切换,攻略质量参差不齐，广告多,听说过但没用过,,其他、当地美食红黑榜、现成学生党行程模板、小众目的地种草,都不愿意付费,网页版,简洁高效(直接给结论),音乐节+旅行的组合攻略想要,,160,2026-09-07 15:01:38
S244,大二,理工类,1501-2000元,3-4次,城市人文、美食探店,室友/同学(2-3人),401-600元,交通,提前1-2周,小红书,缺少学生视角的预算参考、一人出行难拼车/找搭子,缺少学生视角的预算参考,偶尔使用,操作太复杂,交通接驳指南、出行搭子匹配、按预算推荐目的地和行程、小众目的地种草,都不愿意付费,微信小程序,真实接地气(学长学姐经验),周末短途游的推荐能不能更精准一些,,123,2026-09-06 21:24:11
S245,大二,医学类,3000元以上,3-4次,网红打卡点、自然风景、美食探店,室友/同学(2-3人),801-1000元,餐饮,提前3-7天,抖音,攻略信息太分散，多APP切换、小众目的地信息太少、一人出行难拼车/找搭子,攻略质量参差不齐，广告多,听说过但没用过,,现成学生党行程模板、旅行记账与AA分摊、出行搭子匹配、交通接驳指南,AI高级行程定制,都可以,有趣好玩有梗,希望能和同校的人组队出行,,299,2026-09-02 13:26:49
S246,大二,经管类,1000元以下,5-6次,城市人文,室友/同学(2-3人),401-600元,餐饮,提前3-7天,知乎,交通接驳信息不清晰、美食探店容易踩雷、攻略质量参差不齐，广告多、没有现成行程模板,没有现成行程模板,偶尔使用,行程模板太少,实时避坑提醒、住宿区域推荐、当地美食红黑榜,都不愿意付费,小红书/抖音账号+社群,真实接地气(学长学姐经验),,,123,2026-09-09 12:11:04
S247,大二,经管类,1501-2000元,1-2次,自然风景,室友/同学(2-3人),1000元以上,交通,提前3-7天,抖音,攻略质量参差不齐，广告多、小众目的地信息太少、没有现成行程模板,攻略质量参差不齐，广告多,完全没听说过,,实时避坑提醒,都不愿意付费,微信小程序,真实接地气(学长学姐经验),当地菜市场能不能推荐，想吃地道的,,170,2026-09-02 09:22:56
S248,大四,理工类,1000元以下,3-4次,城市人文,朋友小团体(4人以上),201-400元,交通,提前3-7天,朋友推荐,攻略质量参差不齐，广告多、缺少学生视角的预算参考,攻略质量参差不齐，广告多,完全没听说过,,旅行记账与AA分摊、当地美食红黑榜,都不愿意付费,微信小程序,图文精美,,,302,2026-09-04 10:12:18
S249,大一,理工类,2001-2500元,7次及以上,美食探店,家人,1000元以上,购物/伴手礼,说走就走,大众点评、朋友推荐,缺少学生视角的预算参考、小众目的地信息太少、美食探店容易踩雷,缺少学生视角的预算参考,完全没听说过,,按预算推荐目的地和行程、旅行记账与AA分摊、出行搭子匹配、现成学生党行程模板,无广告纯净体验,小红书/抖音账号+社群,真实接地气(学长学姐经验),,,232,2026-09-01 15:30:18
S250,大二,经管类,1501-2000元,3-4次,主题乐园、城市人文、周边乡村/古镇,男/女朋友,1000元以上,交通,提前1-2周,抖音,小众目的地信息太少、没有现成行程模板,攻略信息太分散，多APP切换,完全没听说过,,现成学生党行程模板、按预算推荐目的地和行程,其他,都可以,简洁高效(直接给结论),,愿意-wx_bolwimrs,244,2026-09-01 13:07:17
S251,大二,旅游/酒店管理类,2001-2500元,3-4次,城市人文,独自一人,601-800元,住宿,提前1-2天,B站、小红书,攻略质量参差不齐，广告多、没有现成行程模板、缺少学生视角的预算参考,攻略信息太分散，多APP切换,听说过但没用过,,小众目的地种草、住宿区域推荐,都不愿意付费,独立APP,简洁高效(直接给结论),希望有雨天备选方案,,178,2026-09-02 10:08:40
S252,大四,经管类,1501-2000元,7次及以上,周边乡村/古镇、城市人文、自然风景,独自一人,1000元以上,餐饮,提前3-7天,其他、小红书,攻略信息太分散，多APP切换、攻略质量参差不齐，广告多、没有现成行程模板,攻略质量参差不齐，广告多,完全没听说过,,实时避坑提醒、小众目的地种草、住宿区域推荐,无广告纯净体验,微信小程序,专业严谨数据详实,拍照机位能不能标注出来,,122,2026-09-10 13:44:08
S253,大二,其他,1000元以下,7次及以上,周边乡村/古镇,室友/同学(2-3人),401-600元,门票/体验项目,提前2周以上,抖音,没有现成行程模板、缺少学生视角的预算参考、交通接驳信息不清晰、攻略质量参差不齐，广告多、攻略信息太分散，多APP切换,没有现成行程模板,偶尔使用,推荐太商业化,小众目的地种草、当地美食红黑榜、现成学生党行程模板、行程共享与协同编辑,AI高级行程定制,微信小程序,真实接地气(学长学姐经验),,,243,2026-09-03 13:59:08
S254,大二,教育类,2001-2500元,1-2次,主题乐园,独自一人,401-600元,餐饮,提前1-2天,知乎,小众目的地信息太少、缺少学生视角的预算参考、交通接驳信息不清晰,攻略信息太分散，多APP切换,完全没听说过,,现成学生党行程模板、旅行记账与AA分摊、按预算推荐目的地和行程,都不愿意付费,都可以,图文精美,周末短途游的推荐能不能更精准一些,,256,2026-09-07 19:16:55
S255,大三,艺术类,1000-1500元,3-4次,自然风景、美食探店,男/女朋友,401-600元,交通,提前1-2天,抖音、小红书,攻略质量参差不齐，广告多、住宿选择困难、没有现成行程模板,交通接驳信息不清晰,听说过但没用过,,现成学生党行程模板、实时避坑提醒,都不愿意付费,小红书/抖音账号+社群,真实接地气(学长学姐经验),希望能看到实时的景区人流量,愿意-wx_i68ds03v,176,2026-09-07 09:07:52
S256,大一,旅游/酒店管理类,3000元以上,1-2次,自然风景,家人,801-1000元,门票/体验项目,说走就走,大众点评,住宿选择困难、攻略信息太分散，多APP切换、小众目的地信息太少,住宿选择困难,完全没听说过,,小众目的地种草、按预算推荐目的地和行程、当地美食红黑榜,都不愿意付费,微信小程序,有趣好玩有梗,周末短途游的推荐能不能更精准一些,,106,2026-09-09 22:26:09
S257,大一,理工类,1000-1500元,1-2次,美食探店、城市人文,男/女朋友,201-400元,门票/体验项目,提前1-2周,抖音,攻略质量参差不齐，广告多、一人出行难拼车/找搭子,缺少学生视角的预算参考,经常使用,操作太复杂、推荐太商业化,实时避坑提醒、交通接驳指南,独家小众目的地攻略,独立APP,简洁高效(直接给结论),,,250,2026-09-05 18:52:18
S258,大二,经管类,2501-3000元,5-6次,周边乡村/古镇、美食探店,室友/同学(2-3人),200元以下,购物/伴手礼,提前1-2天,小红书、抖音,住宿选择困难、攻略信息太分散，多APP切换、缺少学生视角的预算参考、小众目的地信息太少,攻略质量参差不齐，广告多,经常使用,行程模板太少、不能按预算调整,当地美食红黑榜、小众目的地种草、出行搭子匹配、现成学生党行程模板,都不愿意付费,微信小程序,简洁高效(直接给结论),希望能有夜生活安全的提示,,206,2026-09-09 17:52:14
S259,大二,艺术类,1501-2000元,3-4次,周边乡村/古镇、城市人文,室友/同学(2-3人),401-600元,门票/体验项目,提前1-2天,知乎、B站,美食探店容易踩雷、缺少学生视角的预算参考,小众目的地信息太少,完全没听说过,,现成学生党行程模板、按预算推荐目的地和行程、行程共享与协同编辑,其他,都可以,真实接地气(学长学姐经验),希望能和同校的人组队出行,愿意-wx_e8zna8nz,249,2026-09-10 10:30:53
S260,大三,经管类,1000-1500元,1-2次,城市人文,朋友小团体(4人以上),601-800元,交通,提前1-2天,小红书、大众点评、知乎,缺少学生视角的预算参考、小众目的地信息太少、交通接驳信息不清晰,攻略质量参差不齐，广告多,完全没听说过,,交通接驳指南、按预算推荐目的地和行程,独家小众目的地攻略,微信小程序,简洁高效(直接给结论),当地菜市场能不能推荐，想吃地道的,,292,2026-09-05 18:32:19
S261,大三,文史哲类,1000-1500元,7次及以上,自然风景、高校校园参观、周边乡村/古镇,室友/同学(2-3人),200元以下,住宿,提前1-2周,大众点评、小红书、OTA平台(携程/马蜂窝),缺少学生视角的预算参考、交通接驳信息不清晰、住宿选择困难、攻略质量参差不齐，广告多,没有现成行程模板,经常使用,操作太复杂,交通接驳指南、行程共享与协同编辑、按预算推荐目的地和行程、现成学生党行程模板,都不愿意付费,微信小程序,简洁高效(直接给结论),景区学生票需要带什么证件能不能说明,,131,2026-09-01 12:17:05
S262,研二及以上,文史哲类,1501-2000元,5-6次,城市人文,独自一人,401-600元,购物/伴手礼,提前1-2周,大众点评、抖音,小众目的地信息太少、一人出行难拼车/找搭子、攻略信息太分散，多APP切换、缺少学生视角的预算参考,交通接驳信息不清晰,经常使用,操作太复杂,小众目的地种草、行程共享与协同编辑、按预算推荐目的地和行程、当地美食红黑榜,无广告纯净体验,小红书/抖音账号+社群,专业严谨数据详实,希望能和同校的人组队出行,,286,2026-09-03 21:45:10
S263,研二及以上,文史哲类,3000元以上,5-6次,高校校园参观、自然风景、周边乡村/古镇,室友/同学(2-3人),601-800元,门票/体验项目,提前3-7天,朋友推荐、抖音、小红书,一人出行难拼车/找搭子、没有现成行程模板,其他,经常使用,操作太复杂,交通接驳指南、旅行记账与AA分摊、出行搭子匹配、按预算推荐目的地和行程,无广告纯净体验,微信小程序,专业严谨数据详实,青旅的真实评价太少了,愿意-wx_umczq991,193,2026-09-03 10:36:31
S264,大一,旅游/酒店管理类,1501-2000元,7次及以上,城市人文、自然风景、网红打卡点,家人,401-600元,餐饮,提前3-7天,B站、其他,交通接驳信息不清晰,交通接驳信息不清晰,偶尔使用,操作太复杂、推荐太商业化、行程模板太少,交通接驳指南、行程共享与协同编辑、现成学生党行程模板,都不愿意付费,小红书/抖音账号+社群,真实接地气(学长学姐经验),当地菜市场能不能推荐，想吃地道的,,310,2026-09-08 10:05:11
S265,大四,旅游/酒店管理类,3000元以上,7次及以上,自然风景,独自一人,601-800元,餐饮,提前1-2天,抖音、小红书,一人出行难拼车/找搭子、攻略信息太分散，多APP切换、攻略质量参差不齐，广告多,没有现成行程模板,完全没听说过,,按预算推荐目的地和行程、出行搭子匹配、旅行记账与AA分摊、现成学生党行程模板,独家小众目的地攻略,微信小程序,图文精美,,,242,2026-09-03 10:09:04
S266,大二,经管类,2501-3000元,3-4次,主题乐园、美食探店,室友/同学(2-3人),1000元以上,交通,提前2周以上,知乎、抖音,缺少学生视角的预算参考、没有现成行程模板,交通接驳信息不清晰,偶尔使用,不能按预算调整、推荐太商业化,交通接驳指南、实时避坑提醒,独家小众目的地攻略,小红书/抖音账号+社群,简洁高效(直接给结论),希望能看到实时的景区人流量,,290,2026-09-06 09:09:57
S267,大三,经管类,2501-3000元,1-2次,自然风景、主题乐园、城市人文,朋友小团体(4人以上),1000元以上,交通,提前3-7天,小红书、其他,小众目的地信息太少、交通接驳信息不清晰、攻略质量参差不齐，广告多,攻略信息太分散，多APP切换,听说过但没用过,,小众目的地种草,独家小众目的地攻略,微信小程序,有趣好玩有梗,一个人旅行的安全问题能不能有提示,,246,2026-09-08 15:26:22
S268,大二,文史哲类,1501-2000元,5-6次,高校校园参观,室友/同学(2-3人),401-600元,餐饮,提前1-2天,抖音、微博,交通接驳信息不清晰、小众目的地信息太少、美食探店容易踩雷、攻略信息太分散，多APP切换,攻略信息太分散，多APP切换,听说过但没用过,,当地美食红黑榜,都不愿意付费,独立APP,图文精美,周末短途游的推荐能不能更精准一些,,208,2026-09-10 21:02:42
S269,大二,文史哲类,1000-1500元,3-4次,城市人文、网红打卡点,家人,201-400元,门票/体验项目,提前3-7天,OTA平台(携程/马蜂窝)、朋友推荐、小红书,小众目的地信息太少、没有现成行程模板、缺少学生视角的预算参考、交通接驳信息不清晰,缺少学生视角的预算参考,完全没听说过,,当地美食红黑榜、按预算推荐目的地和行程、实时避坑提醒,都不愿意付费,网页版,简洁高效(直接给结论),希望能有旅行vlog的模板,,226,2026-09-07 12:35:25
S270,大二,艺术类,2501-3000元,5-6次,自然风景、高校校园参观,朋友小团体(4人以上),601-800元,住宿,提前1-2天,小红书,没有现成行程模板、交通接驳信息不清晰、小众目的地信息太少,小众目的地信息太少,听说过但没用过,,行程共享与协同编辑、按预算推荐目的地和行程、现成学生党行程模板,无广告纯净体验,微信小程序,图文精美,希望能看到实时的景区人流量,愿意-wx_z7cn0eqw,171,2026-09-03 12:41:57
S271,大二,经管类,2501-3000元,5-6次,周边乡村/古镇、美食探店,室友/同学(2-3人),1000元以上,餐饮,提前3-7天,微博、小红书、B站,攻略信息太分散，多APP切换、攻略质量参差不齐，广告多,住宿选择困难,经常使用,推荐太商业化,小众目的地种草、交通接驳指南、按预算推荐目的地和行程,无广告纯净体验,都可以,真实接地气(学长学姐经验),音乐节+旅行的组合攻略想要,,160,2026-09-08 21:10:11
S272,大二,旅游/酒店管理类,2001-2500元,5-6次,城市人文,室友/同学(2-3人),401-600元,购物/伴手礼,提前3-7天,小红书,美食探店容易踩雷、攻略质量参差不齐，广告多、攻略信息太分散，多APP切换,缺少学生视角的预算参考,经常使用,操作太复杂、行程模板太少,按预算推荐目的地和行程、当地美食红黑榜,AI高级行程定制,微信小程序,真实接地气(学长学姐经验),,,287,2026-09-08 15:32:25
S273,研一,理工类,1000-1500元,5-6次,自然风景、美食探店,男/女朋友,201-400元,门票/体验项目,提前2周以上,抖音,住宿选择困难、交通接驳信息不清晰、缺少学生视角的预算参考,没有现成行程模板,偶尔使用,不能协同编辑、不能按预算调整、推荐太商业化,交通接驳指南、现成学生党行程模板、出行搭子匹配、当地美食红黑榜,其他,微信小程序,真实接地气(学长学姐经验),能不能有旅行照片的模板推荐,,189,2026-09-03 14:15:04
S274,大二,理工类,1000-1500元,1-2次,自然风景,独自一人,201-400元,住宿,提前1-2周,大众点评,缺少学生视角的预算参考、攻略质量参差不齐，广告多、没有现成行程模板、小众目的地信息太少,美食探店容易踩雷,完全没听说过,,交通接驳指南、当地美食红黑榜,都不愿意付费,微信小程序,有趣好玩有梗,,,285,2026-09-08 16:02:17
S275,大二,经管类,1000-1500元,1-2次,城市人文,独自一人,401-600元,餐饮,说走就走,抖音、微博,攻略信息太分散，多APP切换、没有现成行程模板、缺少学生视角的预算参考,缺少学生视角的预算参考,完全没听说过,,当地美食红黑榜、现成学生党行程模板、住宿区域推荐、交通接驳指南,AI高级行程定制,小红书/抖音账号+社群,简洁高效(直接给结论),当地菜市场能不能推荐，想吃地道的,,244,2026-09-02 22:23:39
S276,大一,理工类,2501-3000元,1-2次,网红打卡点、周边乡村/古镇,室友/同学(2-3人),201-400元,餐饮,提前1-2周,其他、知乎、微博,美食探店容易踩雷、攻略信息太分散，多APP切换、攻略质量参差不齐，广告多,攻略质量参差不齐，广告多,完全没听说过,,现成学生党行程模板、按预算推荐目的地和行程、小众目的地种草,都不愿意付费,小红书/抖音账号+社群,有趣好玩有梗,音乐节+旅行的组合攻略想要,,251,2026-09-02 17:33:15
S277,大三,艺术类,3000元以上,3-4次,主题乐园、城市人文、周边乡村/古镇,男/女朋友,601-800元,门票/体验项目,提前1-2天,朋友推荐、小红书,攻略信息太分散，多APP切换、攻略质量参差不齐，广告多、住宿选择困难,攻略信息太分散，多APP切换,偶尔使用,不能协同编辑、不能按预算调整、行程模板太少,住宿区域推荐、当地美食红黑榜、行程共享与协同编辑、按预算推荐目的地和行程,无广告纯净体验,都可以,简洁高效(直接给结论),希望能有省钱技巧的汇总,,211,2026-09-04 21:25:12
S278,大一,文史哲类,2001-2500元,7次及以上,美食探店、城市人文、网红打卡点,朋友小团体(4人以上),401-600元,门票/体验项目,提前1-2天,抖音,缺少学生视角的预算参考、攻略信息太分散，多APP切换、没有现成行程模板、攻略质量参差不齐，广告多,缺少学生视角的预算参考,偶尔使用,操作太复杂、行程模板太少,按预算推荐目的地和行程、小众目的地种草,都不愿意付费,微信小程序,真实接地气(学长学姐经验),能不能有旅行照片的模板推荐,,215,2026-09-10 16:33:27
S279,大一,经管类,1000-1500元,1-2次,城市人文,独自一人,201-400元,交通,说走就走,B站,缺少学生视角的预算参考、攻略信息太分散，多APP切换、小众目的地信息太少、美食探店容易踩雷,攻略质量参差不齐，广告多,完全没听说过,,交通接驳指南、当地美食红黑榜、现成学生党行程模板、按预算推荐目的地和行程,独家小众目的地攻略,都可以,简洁高效(直接给结论),景区学生票需要带什么证件能不能说明,,256,2026-09-04 11:20:43
S280,大一,经管类,2501-3000元,1-2次,美食探店,室友/同学(2-3人),201-400元,购物/伴手礼,提前1-2周,OTA平台(携程/马蜂窝),交通接驳信息不清晰、一人出行难拼车/找搭子,没有现成行程模板,听说过但没用过,,小众目的地种草、按预算推荐目的地和行程,都不愿意付费,微信小程序,真实接地气(学长学姐经验),拍照机位能不能标注出来,,117,2026-09-02 10:19:51
S281,大四,文史哲类,2001-2500元,7次及以上,美食探店、自然风景,朋友小团体(4人以上),801-1000元,住宿,提前3-7天,朋友推荐、微博、B站,攻略信息太分散，多APP切换、交通接驳信息不清晰、小众目的地信息太少、一人出行难拼车/找搭子,小众目的地信息太少,听说过但没用过,,小众目的地种草、按预算推荐目的地和行程、交通接驳指南,都不愿意付费,微信小程序,真实接地气(学长学姐经验),希望能有大学生优惠门票的汇总信息,,176,2026-09-02 13:56:40
S282,大三,旅游/酒店管理类,1501-2000元,7次及以上,城市人文、网红打卡点、自然风景,室友/同学(2-3人),601-800元,购物/伴手礼,提前1-2天,小红书,住宿选择困难、攻略信息太分散，多APP切换、没有现成行程模板,小众目的地信息太少,偶尔使用,其他,实时避坑提醒、按预算推荐目的地和行程、当地美食红黑榜、小众目的地种草、现成学生党行程模板,都不愿意付费,微信小程序,简洁高效(直接给结论),,,83,2026-09-08 09:13:18
S283,大四,经管类,1501-2000元,0次,,,,,,,交通接驳信息不清晰、攻略信息太分散，多APP切换、攻略质量参差不齐，广告多、缺少学生视角的预算参考,攻略质量参差不齐，广告多,完全没听说过,,实时避坑提醒、住宿区域推荐、按预算推荐目的地和行程,都不愿意付费,微信小程序,专业严谨数据详实,,,201,2026-09-06 12:51:43
S284,大三,文史哲类,3000元以上,1-2次,高校校园参观、美食探店,室友/同学(2-3人),601-800元,门票/体验项目,提前1-2周,OTA平台(携程/马蜂窝),攻略质量参差不齐，广告多、缺少学生视角的预算参考,攻略质量参差不齐，广告多,偶尔使用,不能按预算调整、操作太复杂、不能协同编辑,按预算推荐目的地和行程、交通接驳指南、当地美食红黑榜,独家小众目的地攻略,微信小程序,简洁高效(直接给结论),音乐节+旅行的组合攻略想要,,313,2026-09-09 09:49:26
S285,大一,经管类,2501-3000元,5-6次,主题乐园、城市人文,朋友小团体(4人以上),401-600元,门票/体验项目,提前1-2天,OTA平台(携程/马蜂窝)、抖音,住宿选择困难、攻略信息太分散，多APP切换、攻略质量参差不齐，广告多、一人出行难拼车/找搭子,没有现成行程模板,听说过但没用过,,当地美食红黑榜、行程共享与协同编辑、按预算推荐目的地和行程、交通接驳指南,都不愿意付费,小红书/抖音账号+社群,简洁高效(直接给结论),希望能有夜生活安全的提示,愿意-wx_6xfwz73w,131,2026-09-02 10:00:09
S286,大三,经管类,1000-1500元,1-2次,城市人文、主题乐园,室友/同学(2-3人),801-1000元,交通,提前3-7天,微博,住宿选择困难、交通接驳信息不清晰,缺少学生视角的预算参考,听说过但没用过,,按预算推荐目的地和行程、住宿区域推荐、现成学生党行程模板,都不愿意付费,小红书/抖音账号+社群,真实接地气(学长学姐经验),,,250,2026-09-02 18:31:23
S287,大三,理工类,2001-2500元,1-2次,周边乡村/古镇、城市人文,室友/同学(2-3人),201-400元,住宿,提前3-7天,OTA平台(携程/马蜂窝),攻略信息太分散，多APP切换、美食探店容易踩雷、一人出行难拼车/找搭子、没有现成行程模板、小众目的地信息太少,攻略质量参差不齐，广告多,完全没听说过,,交通接驳指南、行程共享与协同编辑、现成学生党行程模板、实时避坑提醒,都不愿意付费,独立APP,真实接地气(学长学姐经验),希望能看到实时的景区人流量,,264,2026-09-10 14:29:45
S288,大四,经管类,2001-2500元,3-4次,城市人文、网红打卡点,朋友小团体(4人以上),1000元以上,餐饮,提前1-2天,B站、朋友推荐、大众点评,小众目的地信息太少、交通接驳信息不清晰、没有现成行程模板,没有现成行程模板,完全没听说过,,按预算推荐目的地和行程、行程共享与协同编辑,独家小众目的地攻略,微信小程序,真实接地气(学长学姐经验),,,139,2026-09-04 10:57:56
S289,大一,旅游/酒店管理类,2001-2500元,3-4次,城市人文,室友/同学(2-3人),200元以下,餐饮,提前3-7天,大众点评、微博,缺少学生视角的预算参考、小众目的地信息太少,一人出行难拼车/找搭子,听说过但没用过,,现成学生党行程模板、小众目的地种草、当地美食红黑榜,独家小众目的地攻略,小红书/抖音账号+社群,简洁高效(直接给结论),,愿意-wx_a8dbfa1u,301,2026-09-02 14:11:43
S290,大四,旅游/酒店管理类,2001-2500元,5-6次,美食探店,朋友小团体(4人以上),401-600元,餐饮,提前3-7天,朋友推荐,缺少学生视角的预算参考、攻略信息太分散，多APP切换、小众目的地信息太少,攻略质量参差不齐，广告多,经常使用,操作太复杂,按预算推荐目的地和行程、出行搭子匹配、现成学生党行程模板,都不愿意付费,微信小程序,有趣好玩有梗,青旅的真实评价太少了,,99,2026-09-09 18:15:54
S291,大三,艺术类,1501-2000元,3-4次,美食探店、城市人文、主题乐园,家人,401-600元,交通,提前1-2天,小红书、B站,攻略信息太分散，多APP切换、没有现成行程模板,交通接驳信息不清晰,完全没听说过,,现成学生党行程模板、按预算推荐目的地和行程,都不愿意付费,都可以,图文精美,,,98,2026-09-07 18:47:39
S292,研一,旅游/酒店管理类,1501-2000元,1-2次,城市人文、美食探店,男/女朋友,401-600元,住宿,提前2周以上,小红书,攻略信息太分散，多APP切换、小众目的地信息太少,攻略信息太分散，多APP切换,听说过但没用过,,当地美食红黑榜、住宿区域推荐、交通接驳指南、按预算推荐目的地和行程,都不愿意付费,微信小程序,简洁高效(直接给结论),高铁票抢票攻略也想要,愿意-wx_ew6mm7id,82,2026-09-04 15:47:48
S293,研一,教育类,1501-2000元,7次及以上,网红打卡点,室友/同学(2-3人),201-400元,交通,提前3-7天,小红书、抖音,其他、攻略信息太分散，多APP切换、缺少学生视角的预算参考,没有现成行程模板,听说过但没用过,,现成学生党行程模板、交通接驳指南,都不愿意付费,小红书/抖音账号+社群,简洁高效(直接给结论),希望能和同校的人组队出行,,157,2026-09-06 21:35:18
S294,研一,理工类,2501-3000元,3-4次,主题乐园、城市人文、网红打卡点,男/女朋友,801-1000元,交通,提前1-2天,微博,攻略质量参差不齐，广告多、没有现成行程模板、攻略信息太分散，多APP切换,交通接驳信息不清晰,完全没听说过,,旅行记账与AA分摊、当地美食红黑榜,都不愿意付费,独立APP,真实接地气(学长学姐经验),希望能有夜生活安全的提示,,149,2026-09-05 18:24:19
S295,大四,经管类,1000-1500元,3-4次,城市人文、自然风景,室友/同学(2-3人),201-400元,住宿,提前1-2周,小红书、抖音、大众点评,美食探店容易踩雷、小众目的地信息太少、缺少学生视角的预算参考,小众目的地信息太少,偶尔使用,行程模板太少、操作太复杂、不能协同编辑,行程共享与协同编辑、住宿区域推荐、实时避坑提醒、出行搭子匹配,都不愿意付费,都可以,专业严谨数据详实,,,320,2026-09-09 16:27:36
S296,大四,教育类,1000-1500元,7次及以上,周边乡村/古镇、高校校园参观,室友/同学(2-3人),200元以下,门票/体验项目,提前2周以上,其他,缺少学生视角的预算参考、交通接驳信息不清晰,没有现成行程模板,听说过但没用过,,按预算推荐目的地和行程、交通接驳指南,AI高级行程定制,微信小程序,真实接地气(学长学姐经验),当地菜市场能不能推荐，想吃地道的,愿意-wx_abmwuouc,309,2026-09-10 17:20:04
S297,大三,理工类,2001-2500元,1-2次,城市人文、美食探店,室友/同学(2-3人),601-800元,交通,说走就走,小红书,没有现成行程模板、攻略信息太分散，多APP切换、小众目的地信息太少,攻略质量参差不齐，广告多,偶尔使用,推荐太商业化、不能按预算调整,交通接驳指南、小众目的地种草,无广告纯净体验,微信小程序,简洁高效(直接给结论),,,226,2026-09-06 22:52:43
S298,大二,艺术类,2501-3000元,1-2次,美食探店、自然风景,家人,1000元以上,住宿,提前2周以上,OTA平台(携程/马蜂窝)、小红书,攻略质量参差不齐，广告多、攻略信息太分散，多APP切换,没有现成行程模板,偶尔使用,不能协同编辑,实时避坑提醒、小众目的地种草、交通接驳指南、当地美食红黑榜,独家小众目的地攻略,小红书/抖音账号+社群,图文精美,,,137,2026-09-10 17:36:40
S299,大三,理工类,2001-2500元,5-6次,周边乡村/古镇、美食探店,朋友小团体(4人以上),401-600元,交通,提前3-7天,抖音,攻略质量参差不齐，广告多、缺少学生视角的预算参考、一人出行难拼车/找搭子、交通接驳信息不清晰,缺少学生视角的预算参考,完全没听说过,,小众目的地种草、交通接驳指南、实时避坑提醒、当地美食红黑榜,都不愿意付费,微信小程序,简洁高效(直接给结论),高铁票抢票攻略也想要,,142,2026-09-07 19:37:42
S300,大一,理工类,1000-1500元,1-2次,自然风景,朋友小团体(4人以上),200元以下,住宿,提前1-2周,B站,攻略信息太分散，多APP切换、攻略质量参差不齐，广告多、没有现成行程模板、美食探店容易踩雷,交通接驳信息不清晰,偶尔使用,推荐太商业化,当地美食红黑榜、其他,独家小众目的地攻略,网页版,专业严谨数据详实,,,182,2026-09-09 12:45:18
S301,大一,旅游/酒店管理类,2501-3000元,5-6次,城市人文、周边乡村/古镇,家人,1000元以上,购物/伴手礼,提前3-7天,微博、抖音,小众目的地信息太少、交通接驳信息不清晰,小众目的地信息太少,偶尔使用,推荐太商业化,当地美食红黑榜、小众目的地种草、现成学生党行程模板,都不愿意付费,微信小程序,图文精美,希望能和同校的人组队出行,,167,2026-09-01 18:33:57
S302,大三,文史哲类,3000元以上,3-4次,自然风景、城市人文,室友/同学(2-3人),801-1000元,餐饮,提前2周以上,抖音,没有现成行程模板、交通接驳信息不清晰、攻略信息太分散，多APP切换、攻略质量参差不齐，广告多,攻略信息太分散，多APP切换,偶尔使用,行程模板太少、操作太复杂,其他、住宿区域推荐、实时避坑提醒、当地美食红黑榜,无广告纯净体验,微信小程序,有趣好玩有梗,青旅的真实评价太少了,愿意-wx_68t2a3ah,226,2026-09-07 20:28:33
S303,大一,文史哲类,2501-3000元,5-6次,自然风景,室友/同学(2-3人),401-600元,门票/体验项目,提前2周以上,OTA平台(携程/马蜂窝)、知乎、朋友推荐,小众目的地信息太少、缺少学生视角的预算参考、没有现成行程模板,攻略质量参差不齐，广告多,听说过但没用过,,住宿区域推荐、现成学生党行程模板,都不愿意付费,微信小程序,专业严谨数据详实,希望能有旅行vlog的模板,,222,2026-09-01 19:40:00
S304,大二,艺术类,2501-3000元,1-2次,自然风景,室友/同学(2-3人),801-1000元,餐饮,提前1-2天,OTA平台(携程/马蜂窝),一人出行难拼车/找搭子、住宿选择困难,交通接驳信息不清晰,经常使用,不能按预算调整,住宿区域推荐、按预算推荐目的地和行程、当地美食红黑榜,都不愿意付费,小红书/抖音账号+社群,真实接地气(学长学姐经验),小众景点的交通真的很头疼,,248,2026-09-03 13:53:14
S305,研一,艺术类,1501-2000元,3-4次,自然风景、主题乐园、城市人文,室友/同学(2-3人),801-1000元,门票/体验项目,提前3-7天,抖音、OTA平台(携程/马蜂窝),攻略质量参差不齐，广告多、一人出行难拼车/找搭子,没有现成行程模板,听说过但没用过,,住宿区域推荐、出行搭子匹配、小众目的地种草、交通接驳指南,都不愿意付费,微信小程序,真实接地气(学长学姐经验),拍照机位能不能标注出来,,297,2026-09-07 09:35:49
S306,大二,医学类,1501-2000元,5-6次,自然风景、网红打卡点,室友/同学(2-3人),601-800元,住宿,提前1-2周,抖音、小红书,没有现成行程模板、小众目的地信息太少、攻略信息太分散，多APP切换,美食探店容易踩雷,听说过但没用过,,当地美食红黑榜、按预算推荐目的地和行程、住宿区域推荐,都不愿意付费,微信小程序,图文精美,小众景点的交通真的很头疼,,221,2026-09-02 19:03:33
S307,大二,文史哲类,3000元以上,5-6次,网红打卡点、城市人文,男/女朋友,1000元以上,住宿,提前1-2天,小红书、微博,没有现成行程模板、小众目的地信息太少,攻略信息太分散，多APP切换,偶尔使用,行程模板太少,按预算推荐目的地和行程、住宿区域推荐、出行搭子匹配,AI高级行程定制,微信小程序,有趣好玩有梗,希望有雨天备选方案,,99,2026-09-02 17:46:45
S308,大四,理工类,1000元以下,5-6次,网红打卡点、城市人文、美食探店,室友/同学(2-3人),601-800元,门票/体验项目,提前1-2周,大众点评、小红书,没有现成行程模板、攻略信息太分散，多APP切换、一人出行难拼车/找搭子,缺少学生视角的预算参考,偶尔使用,其他,小众目的地种草、实时避坑提醒、现成学生党行程模板,无广告纯净体验,独立APP,简洁高效(直接给结论),希望能看到目的地的天气和穿搭建议,,262,2026-09-02 16:14:36
S309,研二及以上,理工类,1000-1500元,3-4次,城市人文、自然风景,朋友小团体(4人以上),200元以下,餐饮,提前1-2天,大众点评、小红书,交通接驳信息不清晰、没有现成行程模板、小众目的地信息太少、攻略质量参差不齐，广告多,交通接驳信息不清晰,偶尔使用,不能协同编辑、推荐太商业化,现成学生党行程模板、交通接驳指南,都不愿意付费,微信小程序,图文精美,希望能有夜生活安全的提示,,160,2026-09-04 14:29:45
S310,大三,文史哲类,2001-2500元,5-6次,自然风景,独自一人,201-400元,交通,提前3-7天,小红书,美食探店容易踩雷、攻略信息太分散，多APP切换、没有现成行程模板、交通接驳信息不清晰,缺少学生视角的预算参考,经常使用,行程模板太少、操作太复杂,住宿区域推荐、实时避坑提醒、现成学生党行程模板,都不愿意付费,独立APP,真实接地气(学长学姐经验),,,132,2026-09-10 20:23:33
S311,大三,文史哲类,1000-1500元,1-2次,周边乡村/古镇、网红打卡点、城市人文,朋友小团体(4人以上),601-800元,交通,提前3-7天,抖音,缺少学生视角的预算参考、攻略质量参差不齐，广告多,没有现成行程模板,听说过但没用过,,按预算推荐目的地和行程、交通接驳指南,都不愿意付费,都可以,真实接地气(学长学姐经验),,,150,2026-09-05 22:58:55
S312,大二,医学类,1501-2000元,5-6次,主题乐园、美食探店,室友/同学(2-3人),601-800元,交通,提前1-2天,小红书,攻略信息太分散，多APP切换、没有现成行程模板,没有现成行程模板,偶尔使用,不能协同编辑、不能按预算调整、行程模板太少,现成学生党行程模板、按预算推荐目的地和行程、实时避坑提醒,都不愿意付费,微信小程序,简洁高效(直接给结论),,,309,2026-09-01 11:32:51
S313,大三,艺术类,1501-2000元,3-4次,城市人文,室友/同学(2-3人),801-1000元,餐饮,提前1-2天,抖音、小红书、大众点评,一人出行难拼车/找搭子、住宿选择困难,交通接驳信息不清晰,完全没听说过,,交通接驳指南、出行搭子匹配、当地美食红黑榜、小众目的地种草,AI高级行程定制,微信小程序,简洁高效(直接给结论),当地菜市场能不能推荐，想吃地道的,,168,2026-09-07 12:39:35
S314,研一,旅游/酒店管理类,1000-1500元,3-4次,其他、城市人文、自然风景,室友/同学(2-3人),401-600元,住宿,提前2周以上,大众点评、小红书,攻略信息太分散，多APP切换、缺少学生视角的预算参考、没有现成行程模板,没有现成行程模板,偶尔使用,操作太复杂、不能按预算调整,其他、交通接驳指南、小众目的地种草、行程共享与协同编辑,都不愿意付费,网页版,真实接地气(学长学姐经验),,,262,2026-09-03 20:47:11
S315,研一,经管类,1501-2000元,5-6次,自然风景,男/女朋友,401-600元,门票/体验项目,提前1-2天,OTA平台(携程/马蜂窝),缺少学生视角的预算参考、交通接驳信息不清晰,住宿选择困难,完全没听说过,,实时避坑提醒、交通接驳指南,都不愿意付费,都可以,简洁高效(直接给结论),,愿意-wx_3s0dpjhs,124,2026-09-01 13:17:35
S316,大二,理工类,1501-2000元,3-4次,高校校园参观、城市人文、网红打卡点,室友/同学(2-3人),201-400元,交通,提前3-7天,朋友推荐,攻略质量参差不齐，广告多、缺少学生视角的预算参考,攻略信息太分散，多APP切换,完全没听说过,,现成学生党行程模板、当地美食红黑榜、实时避坑提醒,都不愿意付费,小红书/抖音账号+社群,图文精美,景区学生票需要带什么证件能不能说明,愿意-wx_zgflig5g,155,2026-09-05 20:28:16
S317,大一,理工类,1501-2000元,5-6次,自然风景、美食探店、网红打卡点,独自一人,801-1000元,住宿,提前3-7天,其他,缺少学生视角的预算参考、住宿选择困难、攻略质量参差不齐，广告多、小众目的地信息太少,缺少学生视角的预算参考,听说过但没用过,,按预算推荐目的地和行程、出行搭子匹配、现成学生党行程模板、小众目的地种草,无广告纯净体验,微信小程序,图文精美,能不能有旅行照片的模板推荐,,199,2026-09-10 14:23:36
S318,大二,艺术类,1000元以下,3-4次,自然风景、网红打卡点、城市人文,室友/同学(2-3人),201-400元,购物/伴手礼,提前1-2天,抖音,小众目的地信息太少、缺少学生视角的预算参考、交通接驳信息不清晰,没有现成行程模板,完全没听说过,,小众目的地种草、现成学生党行程模板、当地美食红黑榜、交通接驳指南,都不愿意付费,微信小程序,专业严谨数据详实,希望能和同校的人组队出行,,310,2026-09-09 10:26:27
S319,大四,其他,1501-2000元,0次,,,,,,,美食探店容易踩雷、一人出行难拼车/找搭子,美食探店容易踩雷,听说过但没用过,,按预算推荐目的地和行程、现成学生党行程模板、旅行记账与AA分摊,其他,微信小程序,图文精美,小众景点的交通真的很头疼,,122,2026-09-08 09:42:09
S320,大二,经管类,1501-2000元,1-2次,自然风景,朋友小团体(4人以上),201-400元,餐饮,提前1-2周,抖音,攻略信息太分散，多APP切换、没有现成行程模板、缺少学生视角的预算参考、攻略质量参差不齐，广告多,缺少学生视角的预算参考,听说过但没用过,,住宿区域推荐、按预算推荐目的地和行程,独家小众目的地攻略,小红书/抖音账号+社群,有趣好玩有梗,,,216,2026-09-02 14:31:42
S321,大四,艺术类,1000-1500元,3-4次,自然风景,室友/同学(2-3人),601-800元,餐饮,提前1-2周,OTA平台(携程/马蜂窝),没有现成行程模板、攻略信息太分散，多APP切换、缺少学生视角的预算参考,攻略信息太分散，多APP切换,听说过但没用过,,小众目的地种草、现成学生党行程模板,都不愿意付费,微信小程序,专业严谨数据详实,音乐节+旅行的组合攻略想要,,181,2026-09-09 22:06:29
S322,大四,理工类,2001-2500元,3-4次,周边乡村/古镇、城市人文,室友/同学(2-3人),601-800元,住宿,提前3-7天,OTA平台(携程/马蜂窝),小众目的地信息太少、攻略质量参差不齐，广告多、交通接驳信息不清晰,小众目的地信息太少,听说过但没用过,,出行搭子匹配、住宿区域推荐、行程共享与协同编辑、旅行记账与AA分摊,独家小众目的地攻略,微信小程序,简洁高效(直接给结论),,,100,2026-09-03 09:21:59
S323,大三,理工类,1501-2000元,3-4次,自然风景、主题乐园,独自一人,801-1000元,住宿,说走就走,OTA平台(携程/马蜂窝)、小红书、抖音,小众目的地信息太少、攻略信息太分散，多APP切换、攻略质量参差不齐，广告多,缺少学生视角的预算参考,听说过但没用过,,当地美食红黑榜、交通接驳指南、小众目的地种草、按预算推荐目的地和行程,都不愿意付费,微信小程序,真实接地气(学长学姐经验),周末短途游的推荐能不能更精准一些,愿意-wx_fr6mqw76,318,2026-09-09 18:29:02
S324,大一,理工类,1000-1500元,7次及以上,周边乡村/古镇、城市人文、主题乐园,朋友小团体(4人以上),201-400元,餐饮,提前1-2天,小红书、知乎,小众目的地信息太少、攻略信息太分散，多APP切换、美食探店容易踩雷,美食探店容易踩雷,听说过但没用过,,其他、交通接驳指南、出行搭子匹配,都不愿意付费,微信小程序,简洁高效(直接给结论),当地特色节日活动的信息想要,,191,2026-09-05 20:44:49
S325,大二,文史哲类,1000元以下,1-2次,美食探店,室友/同学(2-3人),201-400元,交通,提前3-7天,小红书,没有现成行程模板、一人出行难拼车/找搭子、缺少学生视角的预算参考、攻略质量参差不齐，广告多、攻略信息太分散，多APP切换,缺少学生视角的预算参考,经常使用,不能协同编辑、交通时间不准,交通接驳指南、现成学生党行程模板、实时避坑提醒,无广告纯净体验,微信小程序,真实接地气(学长学姐经验),希望能有省钱技巧的汇总,,298,2026-09-08 12:34:44
S326,大一,理工类,1501-2000元,3-4次,高校校园参观、美食探店、主题乐园,室友/同学(2-3人),401-600元,购物/伴手礼,提前1-2天,朋友推荐、抖音,攻略信息太分散，多APP切换、交通接驳信息不清晰、攻略质量参差不齐，广告多、缺少学生视角的预算参考、没有现成行程模板,其他,经常使用,不能按预算调整,小众目的地种草、交通接驳指南,都不愿意付费,微信小程序,简洁高效(直接给结论),当地特色节日活动的信息想要,,226,2026-09-05 11:55:10
S327,大四,其他,3000元以上,3-4次,周边乡村/古镇、自然风景,朋友小团体(4人以上),601-800元,住宿,提前1-2天,知乎、朋友推荐、抖音,攻略质量参差不齐，广告多、缺少学生视角的预算参考、小众目的地信息太少、美食探店容易踩雷,攻略信息太分散，多APP切换,完全没听说过,,现成学生党行程模板、交通接驳指南、小众目的地种草、按预算推荐目的地和行程,都不愿意付费,微信小程序,图文精美,音乐节+旅行的组合攻略想要,,242,2026-09-01 18:14:08
S328,大三,文史哲类,1000-1500元,3-4次,高校校园参观、自然风景,室友/同学(2-3人),401-600元,住宿,说走就走,小红书、大众点评,没有现成行程模板、住宿选择困难、攻略质量参差不齐，广告多、缺少学生视角的预算参考,住宿选择困难,偶尔使用,推荐太商业化、行程模板太少,按预算推荐目的地和行程、小众目的地种草,独家小众目的地攻略,小红书/抖音账号+社群,专业严谨数据详实,能不能有旅行照片的模板推荐,,208,2026-09-02 21:38:53
